Rk,Player,Nation,Pos,Squad,Age,Born,Matches Played,Starts,Minutes Played,Goals,Assists,Penalty Kicks,Penalties Attempted,Yellow Cards,Red Cards,Goals/90,Assists/90,Goals+Assists/90,Goals-Penalties/90,Goals+Assists-Penalties/90
1,Josh Davison\Josh-Davison,eng ENG,FW,Charlton Ath,,,9,5,393,1,0,0,0,0,0,0.23,0,0.23,0.23,0.23
2,Charlie Adam\Charlie-Adam,sco SCO,MF,Reading,33,1985,21,8,782,2,1,1,1,4,0,0.23,0.12,0.35,0.12,0.23
3,Tosin Adarabioyo\Tosin-Adarabioyo,eng ENG,DF,Blackburn,21,1997,34,33,2966,3,1,0,0,0,0,0.09,0.03,0.12,0.09,0.12
4,Albert Adomah\Albert-Adomah,gh GHA,MFFW,Cardiff City,31,1987,9,9,733,0,2,0,0,2,0,0,0.25,0.25,0,0.25
5,Albert Adomah\Albert-Adomah,gh GHA,MF,Nott'ham Forest,31,1987,24,5,612,2,1,0,0,2,0,0.29,0.15,0.44,0.29,0.44
6,Benik Afobe\Benik-Afobe,cd COD,FW,Bristol City,26,1993,12,8,739,3,0,1,1,0,0,0.37,0,0.37,0.24,0.24
7,Benik Afobe\Benik-Afobe,cd COD,FW,Stoke City,26,1993,1,1,70,0,0,0,0,0,0,0,0,0,0,0
8,Semi Ajayi\Semi-Ajayi,ng NGA,DF,West Brom,25,1993,43,42,3783,5,0,0,0,5,0,0.12,0,0.12,0.12,0.12
9,Ezgjan Alioski\Ezgjan-Alioski,mk MKD,DFMF,Leeds United,27,1992,39,21,2262,5,3,0,0,8,0,0.2,0.12,0.32,0.2,0.32
10,Joe Allen\Joe-Allen,wal WAL,MF,Stoke City,29,1990,35,34,2938,4,2,0,0,5,1,0.12,0.06,0.18,0.12,0.18
11,Sone Aluko\Sone-Aluko,ng NGA,FWMF,Reading,30,1989,2,0,41,0,0,0,0,1,0,0,0,0,0,0
12,Sammy Ameobi\Sammy-Ameobi,eng ENG,MFFW,Nott'ham Forest,27,1992,45,37,3095,5,7,0,0,7,0,0.15,0.2,0.35,0.15,0.35
13,Luke Amos\Luke-Amos,eng ENG,MF,QPR,22,1997,34,26,2111,2,0,0,0,5,0,0.09,0,0.09,0.09,0.09
14,Chuks Aneke\Chuks-Aneke,eng ENG,FW,Charlton Ath,26,1993,20,2,589,1,1,0,0,2,0,0.15,0.15,0.31,0.15,0.31
15,Felipe Araruna\Felipe-Araruna,br BRA,MF,Reading,23,1996,3,2,163,0,0,0,0,0,0,0,0,0,0,0
16,Adam Armstrong\Adam-Armstrong,eng ENG,MFFW,Blackburn,22,1997,46,40,3471,16,6,2,2,0,0,0.41,0.16,0.57,0.36,0.52
17,Harry Arter\Harry-Arter,ie IRL,MF,Fulham,29,1989,28,21,1724,2,1,0,0,7,1,0.1,0.05,0.16,0.1,0.16
18,Britt Assombalonga\Britt-Assombalonga,cd COD,FW,Middlesbrough,26,1992,35,27,2511,11,2,1,2,2,0,0.39,0.07,0.47,0.36,0.43
19,Jean-Kévin Augustin\Jean-Kevin-Augustin,fr FRA,FW,Leeds United,22,1997,3,0,51,0,0,0,0,0,0,0,0,0,0,0
20,Charlie Austin\Charlie-Austin,eng ENG,FW,West Brom,30,1989,34,18,1508,10,2,4,4,5,0,0.6,0.12,0.72,0.36,0.48
21,Daniel Ayala\Daniel-Ayala,es ESP,DF,Middlesbrough,28,1990,25,23,2081,2,0,0,0,4,0,0.09,0,0.09,0.09,0.09
22,André Ayew\Andre-Ayew,gh GHA,MFFW,Swansea City,29,1989,44,43,3905,15,7,5,5,3,0,0.35,0.16,0.51,0.23,0.39
23,Floyd Ayité\Floyd-Ayite,tg TOG,FWMF,Fulham,30,1988,1,0,17,0,0,0,0,0,0,0,0,0,0,0
24,Luke Ayling\Luke-Ayling,eng ENG,DF,Leeds United,27,1991,37,35,3176,4,4,0,0,9,0,0.11,0.11,0.23,0.11,0.23
25,Juninho Bacuna\Juninho-Bacuna,cw CUW,MFDF,Huddersfield,21,1997,38,25,2326,6,4,0,0,7,1,0.23,0.15,0.39,0.23,0.39
26,Leandro Bacuna\Leandro-Bacuna,cw CUW,MFDF,Cardiff City,27,1991,41,35,3151,1,2,0,0,5,0,0.03,0.06,0.09,0.03,0.09
27,Mike-Steven Bähre\Mike-Steven-Bahre,de GER,MF,Barnsley,23,1995,26,20,1617,1,3,0,0,3,0,0.06,0.17,0.22,0.06,0.22
28,Odin Bailey\Odin-Bailey,eng ENG,MF,Birmingham City,19,1999,6,0,90,1,0,0,0,1,0,1,0,1,1,1
29,Geraldo Bajrami\Geraldo-Bajrami,al ALB,DF,Birmingham City,19,1999,2,2,180,0,0,0,0,0,0,0,0,0,0,0
30,Nathan Baker\Nathan-Baker,eng ENG,DF,Bristol City,28,1991,34,33,2678,1,0,0,0,3,0,0.03,0,0.03,0.03,0.03
31,Sam Baldock\Sam-Baldock,eng ENG,FW,Reading,30,1989,24,12,1105,5,1,1,1,2,0,0.41,0.08,0.49,0.33,0.41
32,Dominic Ball\Dominic-Ball,eng ENG,MF,QPR,23,1995,31,30,2442,1,2,0,0,4,0,0.04,0.07,0.11,0.04,0.11
33,Norbert Balogh\Norbert-Balogh,hu HUN,FW,Hull City,23,1996,3,0,60,0,0,0,0,0,0,0,0,0,0,0
34,Leon Balogun\Leon-Balogun,ng NGA,DF,Wigan Athletic,31,1988,11,10,806,0,0,0,0,0,0,0,0,0,0,0
35,Sol Bamba\Sol-Bamba,ci CIV,DF,Cardiff City,34,1985,6,1,104,0,0,0,0,0,0,0,0,0,0,0
36,Patrick Bamford\Patrick-Bamford,eng ENG,FW,Leeds United,25,1993,45,43,3445,16,2,2,3,4,0,0.42,0.05,0.47,0.37,0.42
37,Barry Bannan\Barry-Bannan,sco SCO,MF,Sheffield Weds,29,1989,44,42,3848,2,8,1,1,8,0,0.05,0.19,0.23,0.02,0.21
38,Shandon Baptiste\Shandon-Baptiste,gd GRN,MF,Brentford,21,1998,12,3,335,0,0,0,0,1,0,0,0,0,0,0
39,Yoann Barbet\Yoann-Barbet,fr FRA,DF,QPR,26,1993,27,27,2421,0,2,0,0,5,1,0,0.07,0.07,0,0.07
40,Tom Barkhuizen\Tom-Barkhuizen,eng ENG,MFFW,Preston,26,1993,44,35,3093,9,5,0,0,2,0,0.26,0.15,0.41,0.26,0.41
41,Josh Barrett\Josh-Barrett,ie IRL,MFFW,Reading,21,1998,5,2,181,0,1,0,0,0,0,0,0.5,0.5,0,0.5
42,Modou Barrow\Modou-Barrow,gm GAM,MF,Reading,26,1992,1,1,90,0,0,0,0,0,0,0,0,0,0,0
43,Gareth Barry\Gareth-Barry,eng ENG,MF,West Brom,38,1981,3,1,90,0,0,0,0,0,0,0,0,0,0,0
44,Kyle Bartley\Kyle-Bartley,eng ENG,DF,West Brom,28,1991,38,37,3265,2,2,0,0,7,0,0.06,0.06,0.11,0.06,0.11
45,Borja Bastón\Borja-Baston,es ESP,FW,Swansea City,26,1992,20,15,1262,6,0,2,2,3,0,0.43,0,0.43,0.29,0.29
46,Danny Batth\Danny-Batth,eng ENG,DF,Stoke City,28,1990,43,40,3775,4,1,0,0,3,0,0.1,0.02,0.12,0.1,0.12
47,Daniel Batty\Daniel-Batty,eng ENG,MF,Hull City,21,1997,30,19,1686,0,0,0,0,2,0,0,0,0,0,0
48,Patrick Bauer\Patrick-Bauer,de GER,DF,Preston,26,1992,41,41,3616,3,0,0,0,2,0,0.07,0,0.07,0.07,0.07
49,Tom Bayliss\Tom-Bayliss,eng ENG,MF,Preston,20,1999,1,0,16,0,0,0,0,0,0,0,0,0,0,0
50,Mads Bech Sørensen\Mads-Bech-Sorensen,dk DEN,DF,Brentford,20,1999,1,0,29,0,0,0,0,0,0,0,0,0,0,0
51,Jérémie Bela\Jeremie-Bela,ao ANG,MF,Birmingham City,26,1993,30,22,1965,2,7,0,0,0,0,0.09,0.32,0.41,0.09,0.41
52,Amari'i Bell\Amarii-Bell,eng ENG,DF,Blackburn,25,1994,21,19,1809,0,0,0,0,2,0,0,0,0,0,0
53,Jude Bellingham\Jude-Bellingham,eng ENG,MF,Birmingham City,16,2003,41,32,2694,4,2,0,0,7,0,0.13,0.07,0.2,0.13,0.2
54,Yohan Benalouane\Yohan-Benalouane,tn TUN,DF,Nott'ham Forest,32,1987,1,0,6,0,0,0,0,0,0,0,0,0,0,0
55,Filip Benković\Filip-Benkovic,hr CRO,DF,Bristol City,22,1997,10,6,644,2,0,0,0,3,0,0.28,0,0.28,0.28,0.28
56,Elliott Bennett\Elliott-Bennett,eng ENG,DFMF,Blackburn,30,1988,41,29,2797,0,4,0,0,8,0,0,0.13,0.13,0,0.13
57,Joe Bennett\Joe-Bennett,eng ENG,DF,Cardiff City,29,1990,44,44,3860,0,5,0,0,5,0,0,0.12,0.12,0,0.12
58,Mason Bennett\Mason-Bennett,eng ENG,FWMF,Millwall,23,1996,9,7,434,2,0,0,0,1,0,0.41,0,0.41,0.41,0.41
59,Mason Bennett\Mason-Bennett,eng ENG,MF,Derby County,23,1996,7,2,181,0,0,0,0,0,0,0,0,0,0,0
60,Saïd Benrahma\Said-Benrahma,dz ALG,FW,Brentford,23,1995,43,39,3545,17,8,4,4,5,0,0.43,0.2,0.63,0.33,0.53
61,Daniel Bentley\Daniel-Bentley,eng ENG,GK,Bristol City,26,1993,43,42,3843,0,0,0,0,1,0,0,0,0,0,0
62,Gaetano Berardi\Gaetano-Berardi,ch SUI,DF,Leeds United,30,1988,22,13,1127,0,0,0,0,1,1,0,0,0,0,0
63,James Berry\James-Berry,eng ENG,MF,Hull City,18,2000,1,0,8,0,0,0,0,0,0,0,0,0,0,0
64,Luke Berry\Luke-Berry,eng ENG,MFFW,Luton Town,27,1992,21,15,1358,1,1,0,0,5,0,0.07,0.07,0.13,0.07,0.13
65,Faysal Bettache\Faysal-Bettache,eng ENG,MF,QPR,19,2000,3,0,26,0,0,0,0,0,0,0,0,0,0,0
66,Marcus Bettinelli\Marcus-Bettinelli,eng ENG,GK,Fulham,27,1992,14,13,1242,0,0,0,0,3,0,0,0,0,0,0
67,Bartosz Białkowski\Bartosz-Bialkowski,pl POL,GK,Millwall,32,1987,46,45,4098,0,0,0,0,1,0,0,0,0,0,0
68,Jake Bidwell\Jake-Bidwell,eng ENG,DFMF,Swansea City,26,1993,37,36,3260,0,3,0,0,3,1,0,0.08,0.08,0,0.08
69,Krystian Bielik\Krystian-Bielik,pl POL,MFDF,Derby County,21,1998,20,19,1487,0,0,0,0,3,1,0,0,0,0,0
70,Mame Biram Diouf\Mame-Biram-Diouf,sn SEN,FWMF,Stoke City,31,1987,8,0,93,1,0,0,0,0,0,0.97,0,0.97,0.97,0.97
71,Max Bird\Max-Bird,eng ENG,MF,Derby County,18,2000,22,21,1905,0,2,0,0,1,0,0,0.09,0.09,0,0.09
72,Tyler Blackett\Tyler-Blackett,eng ENG,DF,Reading,25,1994,20,16,1386,0,3,0,0,3,0,0,0.19,0.19,0,0.19
73,Billy Bodin\Billy-Bodin,wal WAL,MF,Preston,27,1992,18,11,936,2,0,0,0,1,0,0.19,0,0.19,0.19,0.19
74,Jayden Bogle\Jayden-Bogle,eng ENG,DF,Derby County,19,2000,37,33,2900,1,5,0,0,7,0,0.03,0.16,0.19,0.03,0.19
75,Omar Bogle\Omar-Bogle,eng ENG,FW,Cardiff City,26,1993,11,2,325,1,0,0,0,1,0,0.28,0,0.28,0.28,0.28
76,Mateusz Bogusz\Mateusz-Bogusz,pl POL,MF,Leeds United,17,2001,1,0,18,0,0,0,0,0,0,0,0,0,0,0
77,Marc Bola\Marc-Bola,eng ENG,DFMF,Middlesbrough,21,1997,7,6,517,0,0,0,0,1,0,0,0,0,0,0
78,Luke Bolton\Luke-Bolton,eng ENG,DFMF,Luton Town,19,1999,24,10,1094,0,2,0,0,1,0,0,0.16,0.16,0,0.16
79,Gaëtan Bong\Gaetan-Bong,cm CMR,DF,Nott'ham Forest,31,1988,1,1,58,0,0,0,0,0,0,0,0,0,0,0
80,Macauley Bonne\Macauley-Bonne,zw ZIM,FW,Charlton Ath,23,1995,33,26,2349,11,2,0,0,5,0,0.42,0.08,0.5,0.42,0.5
81,Julian Börner\Julian-Borner,de GER,DF,Sheffield Weds,28,1991,37,34,3072,1,0,0,0,7,0,0.03,0,0.03,0.03,0.03
82,John Bostock\John-Bostock,tt TRI,MF,Nott'ham Forest,27,1992,7,1,163,0,1,0,0,1,0,0,0.55,0.55,0,0.55
83,Jarrod Bowen\Jarrod-Bowen,eng ENG,MFFW,Hull City,22,1996,29,29,2610,16,6,0,1,5,0,0.55,0.21,0.76,0.55,0.76
84,Josh Bowler\Josh-Bowler,eng ENG,MF,Hull City,20,1999,28,11,1048,1,0,0,0,3,0,0.09,0,0.09,0.09,0.09
85,Caolan Boyd Munce\Caolan-Boyd-Munce,nir NIR,MF,Birmingham City,19,2000,6,0,71,0,0,0,0,0,0,0,0,0,0,0
86,Lucas Boyé\Lucas-Boye,ar ARG,FWMF,Reading,23,1996,19,5,584,0,0,0,0,3,0,0,0,0,0,0
87,Sonny Bradley\Sonny-Bradley,eng ENG,DF,Luton Town,27,1991,40,39,3517,3,0,0,0,2,0,0.08,0,0.08,0.08,0.08
88,Tom Bradshaw\Tom-Bradshaw,wal WAL,FW,Millwall,27,1992,45,29,2661,8,1,0,0,1,0,0.27,0.03,0.3,0.27,0.3
89,James Bree\James-Bree,eng ENG,DF,Luton Town,21,1997,39,34,3038,0,5,0,0,2,0,0,0.15,0.15,0,0.15
90,Ben Brereton\Ben-Brereton,eng ENG,FW,Blackburn,20,1999,15,7,593,1,0,0,0,0,1,0.15,0,0.15,0.15,0.15
91,Rhian Brewster\Rhian-Brewster,eng ENG,FW,Swansea City,19,2000,20,19,1664,10,0,0,0,6,0,0.54,0,0.54,0.54,0.54
92,Izzy Brown\Izzy-Brown,eng ENG,FWMF,Luton Town,22,1997,25,17,1455,1,7,0,0,5,0,0.06,0.43,0.49,0.06,0.49
93,Jacob Brown\Jacob-Brown,eng ENG,FWMF,Barnsley,21,1998,40,39,3335,3,9,0,0,4,0,0.08,0.24,0.32,0.08,0.32
94,Jaden Brown\Jaden-Brown,eng ENG,DF,Huddersfield,20,1999,15,12,1025,0,0,0,0,2,0,0,0,0,0,0
95,James Brown\James-Brown,eng ENG,DF,Millwall,21,1998,1,1,60,0,0,0,0,0,0,0,0,0,0,0
96,Jordan Brown\Jordan-Brown,eng ENG,MF,Derby County,18,2001,1,0,7,0,0,0,0,0,0,0,0,0,0,0
97,Alan Browne\Alan-Browne,ie IRL,MFDF,Preston,24,1995,43,35,3203,4,2,0,0,3,0,0.11,0.06,0.17,0.11,0.17
98,Marcus Browne\Marcus-Browne,eng ENG,FW,Middlesbrough,21,1997,13,5,422,0,0,0,0,2,1,0,0,0,0,0
99,Josh Brownhill\Josh-Brownhill,eng ENG,MF,Bristol City,23,1995,28,28,2459,5,2,0,0,4,0,0.18,0.07,0.26,0.18,0.26
100,Chris Brunt\Chris-Brunt,nir NIR,DFMF,West Brom,34,1984,7,0,81,0,0,0,0,0,0,0,0,0,0,0
101,Joe Bryan\Joe-Bryan,eng ENG,DF,Fulham,25,1993,43,39,3412,1,7,0,0,6,0,0.03,0.18,0.21,0.03,0.21
102,Lee Buchanan\Lee-Buchanan,eng ENG,DF,Derby County,18,2001,5,3,278,0,0,0,0,0,0,0,0,0,0,0
103,John Buckley\John-Buckley,eng ENG,MFDF,Blackburn,19,1999,20,5,612,2,0,0,0,3,1,0.29,0,0.29,0.29,0.29
104,Tyler Burey\Tyler-Burey,eng ENG,FW,Millwall,,,1,0,11,0,0,0,0,0,0,0,0,0,0,0
105,Oliver Burke\Oliver-Burke,sco SCO,FWMF,West Brom,22,1997,2,0,39,0,0,0,0,0,0,0,0,0,0,0
106,Reece Burke\Reece-Burke,eng ENG,DF,Hull City,22,1996,36,36,3188,0,0,0,0,4,0,0,0,0,0,0
107,Ryan Burke\Ryan-Burke,ie IRL,DF,Birmingham City,18,2000,1,0,19,0,0,0,0,1,0,0,0,0,0,0
108,Jack Butland\Jack-Butland,eng ENG,GK,Stoke City,26,1993,35,35,3150,0,0,0,0,0,0,0,0,0,0,0
109,Jacob Butterfield\Jacob-Butterfield,eng ENG,MF,Luton Town,29,1990,15,11,855,1,0,0,0,2,0,0.11,0,0.11,0.11,0.11
110,George Byers\George-Byers,sco SCO,MF,Swansea City,23,1996,35,22,2086,2,0,0,0,7,0,0.09,0,0.09,0.09,0.09
111,Nathan Byrne\Nathan-Byrne,eng ENG,DF,Wigan Athletic,27,1992,39,39,3491,1,6,0,0,8,0,0.03,0.15,0.18,0.03,0.18
112,Benjamin Cabango\Benjamin-Cabango,wal WAL,DF,Swansea City,19,2000,21,19,1769,1,0,0,0,2,0,0.05,0,0.05,0.05,0.05
113,Rafael Cabral\Rafael-Cabral,br BRA,GK,Reading,29,1990,44,44,3960,0,0,0,0,1,0,0,0,0,0,0
114,Tom Cairney\Tom-Cairney,sco SCO,MF,Fulham,28,1991,39,38,3263,8,3,0,0,5,0,0.22,0.08,0.3,0.22,0.3
115,Geoff Cameron\Geoff-Cameron,us USA,MFDF,QPR,34,1985,36,36,3051,1,1,0,0,12,1,0.03,0.03,0.06,0.03,0.06
116,Lee Camp\Lee-Camp,nir NIR,GK,Birmingham City,34,1984,36,36,3240,0,1,0,0,0,0,0,0.03,0.03,0,0.03
117,Fraizer Campbell\Fraizer-Campbell,eng ENG,FW,Huddersfield,31,1987,33,21,1559,3,2,0,0,8,0,0.17,0.12,0.29,0.17,0.29
118,Tyrese Campbell\Tyrese-Campbell,eng ENG,FWMF,Stoke City,19,1999,33,18,1618,9,2,1,1,2,0,0.5,0.11,0.61,0.44,0.56
119,Sergi Canós\Sergi-Canos,es ESP,FWMF,Brentford,22,1997,13,11,990,0,3,0,0,3,0,0,0.27,0.27,0,0.27
120,Ian Carlo Poveda\Ian-Carlo-Poveda,eng ENG,MF,Leeds United,19,2000,4,1,127,0,1,0,0,0,0,0,0.71,0.71,0,0.71
121,Tom Carroll\Tom-Carroll,eng ENG,MF,Swansea City,27,1992,8,5,390,0,0,0,0,3,1,0,0,0,0,0
122,Hayden Carter\Hayden-Carter,eng ENG,DF,Blackburn,19,1999,2,2,180,0,0,0,0,0,0,0,0,0,0,0
123,Cameron Carter-Vickers\Cameron-Carter-Vickers,us USA,DF,Luton Town,21,1997,16,15,1368,0,1,0,0,2,0,0,0.07,0.07,0,0.07
124,Cameron Carter-Vickers\Cameron-Carter-Vickers,us USA,DF,Stoke City,21,1997,12,12,998,0,0,0,0,1,0,0,0,0,0,0
125,João Carvalho\Joao-Carvalho,pt POR,MF,Nott'ham Forest,22,1997,23,9,863,1,1,0,0,1,0,0.1,0.1,0.21,0.1,0.21
126,Oliver Casey\Oliver-Casey,eng ENG,DF,Leeds United,18,2000,1,0,6,0,0,0,0,0,0,0,0,0,0,0
127,Matty Cash\Matty-Cash,eng ENG,DF,Nott'ham Forest,21,1997,42,40,3615,3,5,0,0,7,0,0.07,0.12,0.2,0.07,0.2
128,Kiko Casilla\Kiko-Casilla,es ESP,GK,Leeds United,32,1986,36,36,3240,0,0,0,0,2,0,0,0,0,0,0
129,Ivan Cavaleiro\Ivan-Cavaleiro,pt POR,FWMF,Fulham,25,1993,43,36,3025,6,7,0,0,4,0,0.18,0.21,0.39,0.18,0.39
130,Dimitri Cavaré\Dimitri-Cavare,fr FRA,DFMF,Barnsley,24,1995,11,11,950,0,1,0,0,3,0,0,0.09,0.09,0,0.09
131,Bersant Celina\Bersant-Celina,xk KVX,MFFW,Swansea City,22,1996,35,28,2470,2,2,0,0,2,0,0.07,0.07,0.15,0.07,0.15
132,Ilias Chair\Ilias-Chair,be BEL,MFFW,QPR,21,1997,41,26,2428,4,6,0,0,3,0,0.15,0.22,0.37,0.15,0.37
133,Trevoh Chalobah\Trevoh-Chalobah,eng ENG,MFDF,Huddersfield,20,1999,36,30,2735,1,1,0,0,7,1,0.03,0.03,0.07,0.03,0.07
134,Conor Chaplin\Conor-Chaplin,eng ENG,FWMF,Barnsley,22,1997,44,36,3302,11,4,0,0,5,0,0.3,0.11,0.41,0.3,0.41
135,Harry Chapman\Harry-Chapman,eng ENG,MF,Blackburn,21,1997,5,0,83,0,1,0,0,1,0,0,1.08,1.08,0,1.08
136,Chema\Chema,es ESP,DF,Nott'ham Forest,27,1992,8,7,620,0,0,0,0,1,0,0,0,0,0,0
137,James Chester\James-Chester,wal WAL,DF,Stoke City,30,1989,16,13,1237,0,1,0,0,0,0,0,0.07,0.07,0,0.07
138,Cyrus Christie\Cyrus-Christie,ie IRL,DF,Fulham,26,1992,24,13,1441,1,1,0,0,5,0,0.06,0.06,0.12,0.06,0.12
139,Jack Clarke\Jack-Clarke,nir NIR,MF,QPR,18,2000,6,0,145,0,0,0,0,0,0,0,0,0,0,0
140,Jack Clarke\Jack-Clarke,nir NIR,MF,Leeds United,18,2000,1,0,20,0,0,0,0,0,0,0,0,0,0,0
141,Josh Clarke\Josh-Clarke,eng ENG,DFMF,Brentford,24,1995,1,0,1,0,0,0,0,0,0,0,0,0,0,0
142,Matthew Clarke\Matthew-Clarke,eng ENG,DF,Derby County,22,1996,35,34,3019,1,0,0,0,1,0,0.03,0,0.03,0.03,0.03
143,Tom Clarke\Tom-Clarke,eng ENG,DF,Preston,31,1987,10,7,601,0,0,0,0,2,0,0,0,0,0,0
144,Jake Clarke-Salter\Jake-Clarke-Salter,eng ENG,DF,Birmingham City,21,1997,19,19,1610,1,1,0,0,6,0,0.06,0.06,0.11,0.06,0.11
145,Adam Clayton\Adam-Clayton,eng ENG,MF,Middlesbrough,30,1989,27,21,1715,0,0,0,0,4,0,0,0,0,0,0
146,Sam Clucas\Sam-Clucas,eng ENG,MF,Stoke City,28,1990,44,44,3900,11,4,0,0,6,0,0.25,0.09,0.35,0.25,0.35
147,Joel Coleman\Joel-Coleman,eng ENG,GK,Huddersfield,23,1995,3,2,188,0,0,0,0,0,0,0,0,0,0,0
148,Maxime Colin\Maxime-Colin,fr FRA,DF,Birmingham City,27,1991,44,44,3960,1,6,0,0,4,0,0.02,0.14,0.16,0.02,0.16
149,Bradley Collins\Bradley-Collins,eng ENG,GK,Barnsley,22,1997,19,19,1710,0,0,0,0,1,0,0,0,0,0,0
150,James Collins\James-Collins,ie IRL,FW,Luton Town,28,1990,46,44,3938,14,3,6,7,9,0,0.32,0.07,0.39,0.18,0.25
151,Nathan Collins\Nathan-Collins,ie IRL,DF,Stoke City,18,2001,14,6,535,0,0,0,0,2,0,0,0,0,0,0
152,Jake Cooper\Jake-Cooper,eng ENG,DF,Millwall,24,1995,46,46,4140,3,2,0,0,10,0,0.07,0.04,0.11,0.07,0.11
153,Liam Cooper\Liam-Cooper,sco SCO,DF,Leeds United,27,1991,38,36,3125,2,0,0,0,2,0,0.06,0,0.06,0.06,0.06
154,Harry Cornick\Harry-Cornick,eng ENG,FWMF,Luton Town,24,1995,45,37,3085,9,3,0,0,2,0,0.26,0.09,0.35,0.26,0.35
155,Hélder Costa\Helder-Costa,pt POR,MF,Leeds United,25,1994,43,33,2954,4,5,0,0,3,0,0.12,0.15,0.27,0.12,0.27
156,Nuno da Costa\Nuno-da-Costa,cv CPV,FWMF,Nott'ham Forest,28,1991,10,4,437,0,0,0,0,2,0,0,0,0,0,0
157,Hayden Coulson\Hayden-Coulson,eng ENG,MFDF,Middlesbrough,21,1998,29,20,1882,1,1,0,0,3,0,0.05,0.05,0.1,0.05,0.1
158,Jordan Cousins\Jordan-Cousins,eng ENG,MF,Stoke City,25,1994,20,15,1435,0,0,0,0,3,0,0,0,0,0,0
159,Martin Cranie\Martin-Cranie,eng ENG,DFMF,Luton Town,32,1986,24,19,1694,2,1,0,0,3,0,0.11,0.05,0.16,0.11,0.16
160,Daniel Crowley\Daniel-Crowley,eng ENG,MF,Birmingham City,21,1997,38,29,2501,1,5,0,0,5,0,0.04,0.18,0.22,0.04,0.22
161,Alessio da Cruz\Alessio-da-Cruz,nl NED,FWMF,Sheffield Weds,22,1997,14,8,687,0,2,0,0,1,0,0,0.26,0.26,0,0.26
162,Josh Cullen\Josh-Cullen,ie IRL,MF,Charlton Ath,23,1996,34,34,3025,1,2,1,1,7,0,0.03,0.06,0.09,0,0.06
163,Liam Cullen\Liam-Cullen,wal WAL,FW,Swansea City,20,1999,6,0,41,1,0,0,0,0,0,2.2,0,2.2,2.2,2.2
164,Greg Cunningham\Greg-Cunningham,ie IRL,DF,Blackburn,28,1991,8,8,646,0,1,0,0,2,0,0,0.14,0.14,0,0.14
165,Bradley Dack\Bradley-Dack,eng ENG,MF,Blackburn,25,1993,22,22,1872,9,1,1,1,4,1,0.43,0.05,0.48,0.38,0.43
166,Stuart Dallas\Stuart-Dallas,nir NIR,DFMF,Leeds United,28,1991,45,45,3930,5,3,0,0,7,0,0.11,0.07,0.18,0.11,0.18
167,Henrik Dalsgaard\Henrik-Dalsgaard,dk DEN,DFMF,Brentford,30,1989,43,42,3777,1,2,0,0,4,0,0.02,0.05,0.07,0.02,0.07
168,Matty Daly\Matty-Daly,eng ENG,MF,Huddersfield,18,2001,4,0,58,1,0,0,0,0,0,1.55,0,1.55,1.55,1.55
169,Donervon Daniels\Donervon-Daniels,ms MSR,DF,Luton Town,25,1993,3,2,193,1,0,0,0,0,0,0.47,0,0.47,0.47,0.47
170,Jay Dasilva\Jay-Dasilva,eng ENG,DFMF,Bristol City,21,1998,24,22,1964,0,2,0,0,1,0,0,0.09,0.09,0,0.09
171,Josh Dasilva\Josh-Dasilva,eng ENG,MF,Brentford,20,1998,42,34,2981,10,4,1,1,2,0,0.3,0.12,0.42,0.27,0.39
172,Jacob Davenport\Jacob-Davenport,eng ENG,MF,Blackburn,20,1998,9,0,165,0,0,0,0,2,0,0,0,0,0,0
173,Adam Davies\Adam-Davies,wal WAL,GK,Stoke City,27,1992,4,4,360,0,0,0,0,0,0,0,0,0,0,0
174,Ben Davies\Ben-Davies,eng ENG,DF,Preston,23,1995,36,36,3174,0,1,0,0,2,0,0,0.03,0.03,0,0.03
175,Curtis Davies\Curtis-Davies,eng ENG,DF,Derby County,34,1985,32,25,2359,0,1,0,0,1,0,0,0.04,0.04,0,0.04
176,David Davis\David-Davis,eng ENG,MF,Charlton Ath,28,1991,5,5,450,0,1,0,0,2,0,0,0.2,0.2,0,0.2
177,David Davis\David-Davis,eng ENG,MF,Birmingham City,28,1991,15,13,1156,0,0,0,0,5,0,0,0,0,0,0
178,Leif Davis\Leif-Davis,eng ENG,DF,Leeds United,19,2000,3,0,14,0,0,0,0,0,0,0,0,0,0,0
179,Cameron Dawson\Cameron-Dawson,eng ENG,GK,Sheffield Weds,24,1995,24,23,2079,0,0,0,0,0,0,0,0,0,0,0
180,Michael Dawson\Michael-Dawson,eng ENG,DF,Nott'ham Forest,35,1983,18,16,1401,1,0,0,0,1,0,0.06,0,0.06,0.06,0.06
181,Joe Day\Joe-Day,eng ENG,GK,Cardiff City,28,1990,1,0,35,0,0,0,0,0,0,0,0,0,0,0
182,Jón Daði Böðvarsson\Jon-Dadi-Bodvarsson,is ISL,FW,Millwall,27,1992,31,13,1376,3,2,0,0,2,0,0.2,0.13,0.33,0.2,0.33
183,Harlee Dean\Harlee-Dean,eng ENG,DF,Birmingham City,28,1991,39,34,3153,1,1,0,0,5,2,0.03,0.03,0.06,0.03,0.06
184,Ben Dempsey\Ben-Dempsey,eng ENG,MF,Charlton Ath,19,1999,4,3,262,0,0,0,0,1,0,0,0,0,0,0
185,Mike van der Hoorn\Mike-van-der-Hoorn,nl NED,DF,Swansea City,26,1992,28,27,2288,1,1,0,0,3,0,0.04,0.04,0.08,0.04,0.08
186,Halil Dervişoğlu\Halil-Dervisoglu,tr TUR,FW,Brentford,19,1999,4,0,48,0,0,0,0,1,0,0,0,0,0,0
187,Yan Dhanda\Yan-Dhanda,eng ENG,MF,Swansea City,20,1998,16,9,791,3,0,0,0,2,0,0.34,0,0.34,0.34,0.34
188,Bambo Diaby\Bambo-Diaby,sn SEN,DF,Barnsley,21,1997,21,21,1865,1,0,0,0,8,0,0.05,0,0.05,0.05,0.05
189,Adama Diakhaby\Adama-Diakhaby,fr FRA,MF,Nott'ham Forest,23,1996,14,2,359,0,0,0,0,3,0,0,0,0,0,0
190,Adama Diakhaby\Adama-Diakhaby,fr FRA,MFFW,Huddersfield,23,1996,18,9,861,0,2,0,0,3,0,0,0.21,0.21,0,0.21
191,Grady Diangana\Grady-Diangana,eng ENG,MF,West Brom,21,1998,30,23,1853,8,6,0,0,2,0,0.39,0.29,0.68,0.39,0.68
192,Nouha Dicko\Nouha-Dicko,ml MLI,FW,Hull City,27,1992,2,1,89,0,0,0,0,0,0,0,0,0,0,0
193,Famara Diedhiou\Famara-Diedhiou,sn SEN,FW,Bristol City,26,1992,41,29,2893,12,1,1,2,3,1,0.37,0.03,0.4,0.34,0.37
194,Anfernee Dijksteel\Anfernee-Dijksteel,nl NED,DFMF,Middlesbrough,22,1996,16,12,1040,0,0,0,0,3,0,0,0,0,0,0
195,Anfernee Dijksteel\Anfernee-Dijksteel,nl NED,MF,Charlton Ath,22,1996,1,1,90,0,0,0,0,0,0,0,0,0,0,0
196,Mihai Dobre\Mihai-Dobre,ro ROU,MF,Wigan Athletic,20,1998,1,0,13,0,0,0,0,0,0,0,0,0,0,0
197,Kenneth Dougall\Kenneth-Dougall,au AUS,MF,Barnsley,26,1993,12,9,843,0,0,0,0,3,0,0,0,0,0,0
198,Alfie Doughty\Alfie-Doughty,eng ENG,DFMF,Charlton Ath,19,1999,29,20,1971,2,3,0,0,2,0,0.09,0.14,0.23,0.09,0.23
199,Barry Douglas\Barry-Douglas,sco SCO,DF,Leeds United,29,1989,15,6,648,0,0,0,0,0,0,0,0,0,0,0
200,Kieran Dowell\Kieran-Dowell,eng ENG,MF,Derby County,21,1997,10,8,701,0,1,0,0,2,0,0,0.13,0.13,0,0.13
201,Kieran Dowell\Kieran-Dowell,eng ENG,MF,Wigan Athletic,21,1997,12,12,896,4,2,0,0,0,0,0.4,0.2,0.6,0.4,0.6
202,Stewart Downing\Stewart-Downing,eng ENG,MFDF,Blackburn,35,1984,41,38,3401,2,8,0,0,1,0,0.05,0.21,0.26,0.05,0.26
203,Mark Duffy\Mark-Duffy,eng ENG,FW,Stoke City,33,1985,6,1,170,0,0,0,0,0,0,0,0,0,0,0
204,Demeaco Duhaney\Demeaco-Duhaney,eng ENG,DF,Huddersfield,20,1998,6,4,355,0,0,0,0,0,0,0,0,0,0,0
205,Chey Dunkley\Chey-Dunkley,eng ENG,DF,Wigan Athletic,27,1992,26,22,2003,6,0,0,0,8,2,0.27,0,0.27,0.27,0.27
206,Nathan Dyer\Nathan-Dyer,eng ENG,MF,Swansea City,31,1987,10,7,543,1,1,0,0,0,0,0.17,0.17,0.33,0.17,0.33
207,Tom Eaves\Tom-Eaves,eng ENG,FW,Hull City,27,1992,40,22,2125,5,2,0,0,4,0,0.21,0.08,0.3,0.21,0.3
208,Rarmani Edmonds-Green\Rarmani-Edmonds-Green,eng ENG,DF,Huddersfield,20,1999,2,1,91,0,0,0,0,0,0,0,0,0,0,0
209,Kyle Edwards\Kyle-Edwards,eng ENG,MF,West Brom,21,1998,26,9,923,2,0,0,0,2,0,0.2,0,0.2,0.2,0.2
210,Tom Edwards\Tom-Edwards,eng ENG,DFMF,Stoke City,20,1999,13,13,1125,0,1,0,0,0,0,0,0.08,0.08,0,0.08
211,Ovie Ejaria\Ovie-Ejaria,eng ENG,MF,Reading,21,1997,36,36,3101,3,5,0,0,3,0,0.09,0.15,0.23,0.09,0.23
212,Callum Elder\Callum-Elder,au AUS,DF,Hull City,24,1995,30,30,2500,0,3,0,0,3,0,0,0.11,0.11,0,0.11
213,Niclas Eliasson\Niclas-Eliasson,se SWE,MF,Bristol City,23,1995,37,18,1999,3,12,0,0,2,0,0.14,0.54,0.68,0.14,0.68
214,Tommy Elphick\Tommy-Elphick,eng ENG,DF,Huddersfield,31,1987,14,14,1191,0,0,0,0,2,0,0,0,0,0,0
215,Bright Enobakhare\Bright-Enobakhare,ng NGA,FWMF,Wigan Athletic,21,1998,2,0,50,0,0,0,0,0,0,0,0,0,0,0
216,Oghenekaro Etebo\Oghenekaro-Etebo,ng NGA,MFFW,Stoke City,23,1995,11,8,715,0,0,0,0,1,0,0,0,0,0,0
217,Neil Etheridge\Neil-Etheridge,ph PHI,GK,Cardiff City,29,1990,16,16,1405,0,0,0,0,0,0,0,0,0,0,0
218,Corry Evans\Corry-Evans,nir NIR,MF,Blackburn,29,1990,13,11,868,1,2,0,0,4,0,0.1,0.21,0.31,0.1,0.31
219,George Evans\George-Evans,eng ENG,MFDF,Derby County,24,1994,17,11,1127,0,0,0,0,1,0,0,0,0,0,0
220,Lee Evans\Lee-Evans,wal WAL,MF,Wigan Athletic,25,1994,32,18,1772,2,0,0,0,4,0,0.1,0,0.1,0.1,0.1
221,Eberechi Eze\Eberechi-Eze,eng ENG,MF,QPR,21,1998,46,46,4057,14,8,4,4,3,0,0.31,0.18,0.49,0.22,0.4
222,Adam Federici\Adam-Federici,au AUS,GK,Stoke City,34,1985,7,7,630,0,0,0,0,0,0,0,0,0,0,0
223,Nathan Ferguson\Nathan-Ferguson,eng ENG,DF,West Brom,18,2000,21,21,1746,1,1,0,0,5,1,0.05,0.05,0.1,0.05,0.1
224,Shane Ferguson\Shane-Ferguson,nir NIR,MFDF,Millwall,28,1991,29,19,1721,0,3,0,0,4,1,0,0.16,0.16,0,0.16
225,Miguel Fernández\Miguel-Fernandez,,MF,Birmingham City,,,1,0,1,0,0,0,0,0,0,0,0,0,0,0
226,Sam Field\Sam-Field,eng ENG,MF,Charlton Ath,21,1998,17,10,783,0,1,0,0,1,0,0,0.11,0.11,0,0.11
227,Frank Fielding\Frank-Fielding,eng ENG,GK,Millwall,31,1988,1,1,42,0,0,0,0,0,0,0,0,0,0,0
228,Tobias Figueiredo\Tobias-Figueiredo,pt POR,DF,Nott'ham Forest,25,1994,30,30,2650,3,0,0,0,2,0,0.1,0,0.1,0.1,0.1
229,Darnell Fisher\Darnell-Fisher,eng ENG,DF,Preston,25,1994,28,26,2283,0,4,0,0,10,1,0,0.16,0.16,0,0.16
230,Brandon Fleming\Brandon-Fleming,eng ENG,DF,Hull City,19,1999,4,4,360,0,0,0,0,0,0,0,0,0,0,0
231,Ashley Fletcher\Ashley-Fletcher,eng ENG,FW,Middlesbrough,23,1995,43,37,3237,10,7,1,1,5,0,0.28,0.19,0.47,0.25,0.44
232,Steven Fletcher\Steven-Fletcher,sco SCO,FW,Sheffield Weds,32,1987,27,23,2018,13,2,4,4,6,0,0.58,0.09,0.67,0.4,0.49
233,Aden Flint\Aden-Flint,eng ENG,DF,Cardiff City,30,1989,26,26,2290,2,4,0,0,2,0,0.08,0.16,0.24,0.08,0.24
234,Fernando Forestieri\Fernando-Forestieri,it ITA,MFFW,Sheffield Weds,29,1990,17,8,829,2,1,1,1,3,0,0.22,0.11,0.33,0.11,0.22
235,Adam Forshaw\Adam-Forshaw,eng ENG,MF,Leeds United,27,1991,7,6,584,0,1,0,0,3,0,0,0.15,0.15,0,0.15
236,Marcus Forss\Marcus-Forss,fi FIN,FW,Brentford,20,1999,2,0,36,0,0,0,0,0,0,0,0,0,0,0
237,Jake Forster-Caskey\Jake-Forster-Caskey,eng ENG,MFDF,Charlton Ath,25,1994,11,7,581,0,1,0,0,3,0,0,0.15,0.15,0,0.15
238,Craig Forsyth\Craig-Forsyth,sco SCO,DF,Derby County,30,1989,22,20,1750,0,3,0,0,2,0,0,0.15,0.15,0,0.15
239,Tariqe Fosu\Tariqe-Fosu,eng ENG,FW,Brentford,23,1995,10,2,257,1,0,0,0,1,0,0.35,0,0.35,0.35,0.35
240,Danny Fox\Danny-Fox,sco SCO,DF,Wigan Athletic,33,1986,11,9,805,0,1,0,0,1,1,0,0.11,0.11,0,0.11
241,Morgan Fox\Morgan-Fox,wal WAL,DF,Sheffield Weds,25,1993,27,24,2127,2,1,0,0,3,0,0.08,0.04,0.13,0.08,0.13
242,George Friend\George-Friend,eng ENG,DF,Middlesbrough,31,1987,14,14,1224,0,0,0,0,1,0,0,0,0,0,0
243,Dael Fry\Dael-Fry,eng ENG,DF,Middlesbrough,21,1997,36,36,3184,0,0,0,0,2,0,0,0,0,0,0
244,Jay Fulton\Jay-Fulton,sco SCO,MF,Swansea City,25,1994,36,29,2442,3,2,0,0,10,0,0.11,0.07,0.18,0.11,0.18
245,Darnell Furlong\Darnell-Furlong,eng ENG,DF,West Brom,23,1995,31,22,2247,2,1,0,0,5,0,0.08,0.04,0.12,0.08,0.12
246,Conor Gallagher\Conor-Gallagher,eng ENG,MF,Swansea City,19,2000,19,19,1664,0,6,0,0,3,0,0,0.32,0.32,0,0.32
247,Conor Gallagher\Conor-Gallagher,eng ENG,MFFW,Charlton Ath,19,2000,26,25,2218,6,2,0,0,8,0,0.24,0.08,0.32,0.24,0.32
248,Paul Gallagher\Paul-Gallagher,sco SCO,MF,Preston,34,1984,33,22,1938,6,3,4,5,5,0,0.28,0.14,0.42,0.09,0.23
249,Sam Gallagher\Sam-Gallagher,eng ENG,FWMF,Blackburn,23,1995,42,28,2506,6,2,0,0,3,0,0.22,0.07,0.29,0.22,0.29
250,Brendan Galloway\Brendan-Galloway,eng ENG,DF,Luton Town,23,1996,3,0,78,0,0,0,0,0,0,0,0,0,0,0
251,Gary Gardner\Gary-Gardner,eng ENG,MF,Birmingham City,27,1992,35,27,2502,4,2,0,0,13,0,0.14,0.07,0.22,0.14,0.22
252,Joe Garner\Joe-Garner,eng ENG,FW,Wigan Athletic,31,1988,28,9,883,2,3,0,0,5,1,0.2,0.31,0.51,0.2,0.51
253,Jordan Garrick\Jordan-Garrick,eng ENG,MF,Swansea City,21,1998,11,1,279,2,0,0,0,1,1,0.65,0,0.65,0.65,0.65
254,Joe Gelhardt\Joe-Gelhardt,eng ENG,MF,Wigan Athletic,17,2002,18,2,426,1,0,0,0,2,0,0.21,0,0.21,0.21,0.21
255,Rudy Gestede\Rudy-Gestede,bj BEN,FW,Middlesbrough,30,1988,19,5,591,2,1,0,0,0,0,0.3,0.15,0.46,0.3,0.46
256,Kieran Gibbs\Kieran-Gibbs,eng ENG,DF,West Brom,29,1989,14,14,984,1,2,0,0,1,0,0.09,0.18,0.27,0.09,0.27
257,Álvaro Giménez\Alvaro-Gimenez,es ESP,FW,Birmingham City,28,1991,24,12,1201,3,0,0,0,5,0,0.22,0,0.22,0.22,0.22
258,Josh Ginnelly\Josh-Ginnelly,eng ENG,MF,Preston,22,1997,1,0,11,0,0,0,0,0,0,0,0,0,0,0
259,Robert Glatzel\Robert-Glatzel,de GER,FW,Cardiff City,25,1994,30,23,1822,7,0,1,1,1,0,0.35,0,0.35,0.3,0.3
260,Nico Gordon\Nico-Gordon,eng ENG,DF,Birmingham City,17,2002,2,1,75,0,0,0,0,1,0,0,0,0,0,0
261,Jon Gorenc Stanković\Jon-Gorenc-Stankovic,si SVN,DF,Huddersfield,23,1996,19,13,1314,1,0,0,0,3,0,0.07,0,0.07,0.07,0.07
262,Robbie Gotts\Robbie-Gotts,eng ENG,FW,Leeds United,19,1999,1,0,7,0,0,0,0,0,0,0,0,0,0,0
263,Kamil Grabara\Kamil-Grabara,pl POL,GK,Huddersfield,20,1999,28,28,2512,0,0,0,0,3,0,0,0,0,0,0
264,Lewis Grabban\Lewis-Grabban,eng ENG,FW,Nott'ham Forest,31,1988,45,43,3911,20,2,4,5,2,0,0.46,0.05,0.51,0.37,0.41
265,Danny Graham\Danny-Graham,eng ENG,FW,Blackburn,33,1985,38,14,1494,4,1,1,2,0,0,0.24,0.06,0.3,0.18,0.24
266,Karlan Grant\Karlan-Grant,eng ENG,MFFW,Huddersfield,21,1997,43,42,3698,19,4,6,7,3,0,0.46,0.1,0.56,0.32,0.41
267,André Green\Andre-Green,eng ENG,FWMF,Charlton Ath,21,1998,13,8,757,2,1,0,0,1,0,0.24,0.12,0.36,0.24,0.36
268,André Green\Andre-Green,eng ENG,FWMF,Preston,21,1998,4,0,90,0,0,0,0,0,0,0,0,0,0,0
269,Jordan Green\Jordan-Green,eng ENG,FWMF,Barnsley,24,1995,2,0,54,0,0,0,0,0,0,0,0,0,0,0
270,Lee Gregory\Lee-Gregory,eng ENG,FW,Stoke City,30,1988,40,22,2078,6,3,2,2,1,0,0.26,0.13,0.39,0.17,0.3
271,Matt Grimes\Matt-Grimes,eng ENG,MF,Swansea City,24,1995,46,46,4140,0,7,0,0,6,0,0,0.15,0.15,0,0.15
272,Kamil Grosicki\Kamil-Grosicki,pl POL,MF,Hull City,31,1988,28,28,2367,7,4,0,0,3,0,0.27,0.15,0.42,0.27,0.42
273,Kamil Grosicki\Kamil-Grosicki,pl POL,MF,West Brom,31,1988,14,4,499,1,3,0,0,0,0,0.18,0.54,0.72,0.18,0.72
274,Joseph Gubbins\Joseph-Gubbins,eng ENG,DF,QPR,17,2001,1,0,1,0,0,0,0,0,0,0,0,0,0,0
275,Marc Guéhi\Marc-Guehi,eng ENG,DF,Swansea City,19,2000,12,11,997,0,0,0,0,1,0,0,0,0,0,0
276,Chris Gunter\Chris-Gunter,wal WAL,DFMF,Reading,30,1989,20,18,1577,0,0,0,0,2,0,0,0,0,0,0
277,Florent Hadergjonaj\Florent-Hadergjonaj,xk KVX,DF,Huddersfield,25,1994,21,14,1401,0,2,0,0,4,0,0,0.13,0.13,0,0.13
278,Grant Hall\Grant-Hall,eng ENG,DF,QPR,27,1991,30,30,2700,5,0,0,0,5,0,0.17,0,0.17,0.17,0.17
279,Aapo Halme\Aapo-Halme,fi FIN,DFMF,Barnsley,21,1998,32,26,2292,4,0,0,0,9,0,0.16,0,0.16,0.16,0.16
280,Ben Hamer\Ben-Hamer,eng ENG,GK,Derby County,31,1987,25,24,2235,0,0,0,0,2,0,0,0,0,0,0
281,Marco Harboe Ramkilde\Marco-Harboe-Ramkilde,dk DEN,FW,QPR,21,1998,1,0,34,0,0,0,0,0,0,0,0,0,0,0
282,Wes Harding\Wes-Harding,eng ENG,DFMF,Birmingham City,22,1996,15,7,756,0,1,0,0,2,0,0,0.12,0.12,0,0.12
283,Rekeem Harper\Rekeem-Harper,eng ENG,MF,West Brom,19,2000,10,4,375,0,0,0,0,0,0,0,0,0,0,0
284,Kian Harratt\Kian-Harratt,eng ENG,FW,Huddersfield,17,2002,1,0,19,0,0,0,0,0,0,0,0,0,0,0
285,Kadeem Harris\Kadeem-Harris,eng ENG,MFFW,Sheffield Weds,26,1993,43,40,3374,3,4,0,0,4,0,0.08,0.11,0.19,0.08,0.19
286,Jack Harrison\Jack-Harrison,eng ENG,MF,Leeds United,22,1996,46,45,3794,6,8,0,0,1,0,0.14,0.19,0.33,0.14,0.33
287,Josh Harrop\Josh-Harrop,eng ENG,MF,Preston,23,1995,32,15,1455,5,1,0,0,4,0,0.31,0.06,0.37,0.31,0.37
288,Michael Hector\Michael-Hector,jm JAM,DF,Fulham,27,1992,20,20,1800,0,2,0,0,2,0,0,0.1,0.1,0,0.1
289,Jahmal Hector-Ingram\Jahmal-Hector-Ingram,eng ENG,FW,Derby County,20,1998,1,0,7,0,0,0,0,0,0,0,0,0,0,0
290,Ahmed Hegazi\Ahmed-Hegazi,eg EGY,DF,West Brom,28,1991,16,14,1220,1,0,0,0,4,1,0.07,0,0.07,0.07,0.07
291,Tomer Hemed\Tomer-Hemed,il ISR,FW,Charlton Ath,32,1987,18,9,798,0,0,0,0,1,0,0,0,0,0,0
292,Markus Henriksen\Markus-Henriksen,no NOR,MF,Bristol City,27,1992,4,4,315,0,0,0,0,0,0,0,0,0,0,0
293,Rico Henry\Rico-Henry,eng ENG,DFMF,Brentford,22,1997,46,46,4032,0,2,0,0,5,0,0,0.04,0.04,0,0.04
294,Pablo Hernández\Pablo-Hernandez,es ESP,MF,Leeds United,34,1985,36,27,2497,9,9,0,0,6,0,0.32,0.32,0.65,0.32,0.65
295,Scott High\Scott-High,eng ENG,MF,Huddersfield,18,2001,1,0,14,0,0,0,0,0,0,0,0,0,0,0
296,Scott Hogan\Scott-Hogan,ie IRL,FW,Birmingham City,27,1992,17,16,1276,7,1,0,1,0,0,0.49,0.07,0.56,0.49,0.56
297,Scott Hogan\Scott-Hogan,ie IRL,FW,Stoke City,27,1992,13,4,431,2,0,0,0,0,0,0.42,0,0.42,0.42,0.42
298,Jonathan Hogg\Jonathan-Hogg,eng ENG,MF,Huddersfield,30,1988,37,37,3012,0,2,0,0,12,0,0,0.06,0.06,0,0.06
299,Junior Hoilett\Junior-Hoilett,ca CAN,MFFW,Cardiff City,29,1990,41,29,2471,7,2,0,1,6,0,0.25,0.07,0.33,0.25,0.33
300,Duane Holmes\Duane-Holmes,us USA,MF,Derby County,24,1994,33,29,2465,2,3,0,0,8,0,0.07,0.11,0.18,0.07,0.18
301,Lewis Holtby\Lewis-Holtby,de GER,MFFW,Blackburn,28,1990,27,16,1300,3,4,0,0,0,0,0.21,0.28,0.48,0.21,0.48
302,George Honeyman\George-Honeyman,eng ENG,MF,Hull City,24,1994,42,21,2059,1,3,0,0,8,0,0.04,0.13,0.17,0.04,0.17
303,Jonny Howson\Jonny-Howson,eng ENG,DFMF,Middlesbrough,31,1988,41,41,3654,0,6,0,0,10,1,0,0.15,0.15,0,0.15
304,Tom Huddlestone\Tom-Huddlestone,eng ENG,MF,Derby County,32,1986,11,11,944,1,0,1,1,2,0,0.1,0,0.1,0,0
305,Andrew Hughes\Andrew-Hughes,wal WAL,DF,Preston,27,1992,28,28,2486,0,0,0,0,2,0,0,0,0,0,0
306,Jordan Hugill\Jordan-Hugill,eng ENG,FW,QPR,27,1992,39,30,2837,13,1,0,0,10,0,0.41,0.03,0.44,0.41,0.44
307,Alex Hunt\Alex-Hunt,eng ENG,MF,Sheffield Weds,19,2000,6,2,187,0,0,0,0,1,0,0,0,0,0,0
308,Jack Hunt\Jack-Hunt,eng ENG,DFMF,Bristol City,28,1990,35,29,2494,0,5,0,0,6,0,0,0.18,0.18,0,0.18
309,Paul Huntington\Paul-Huntington,eng ENG,DF,Preston,31,1987,9,8,765,0,0,0,0,2,0,0,0,0,0,0
310,Sam Hutchinson\Sam-Hutchinson,eng ENG,MF,Sheffield Weds,29,1989,23,20,1793,1,1,0,0,10,0,0.05,0.05,0.1,0.05,0.1
311,Shaun Hutchinson\Shaun-Hutchinson,eng ENG,DF,Millwall,28,1990,36,36,3240,6,1,0,0,4,0,0.17,0.03,0.19,0.17,0.19
312,Danny Hylton\Danny-Hylton,eng ENG,FW,Luton Town,30,1989,11,2,248,0,0,0,0,1,0,0,0,0,0,0
313,Tom Ince\Tom-Ince,eng ENG,MFFW,Stoke City,27,1992,38,31,2703,3,2,0,0,1,0,0.1,0.07,0.17,0.1,0.17
314,Matt Ingram\Matt-Ingram,eng ENG,GK,Hull City,25,1993,1,1,90,0,0,0,0,0,0,0,0,0,0,0
315,Dominic Iorfa\Dominic-Iorfa,eng ENG,DF,Sheffield Weds,24,1995,41,40,3522,2,2,0,0,4,0,0.05,0.05,0.1,0.05,0.1
316,Jackson Irvine\Jackson-Irvine,au AUS,MF,Hull City,26,1993,35,34,3024,2,2,0,0,6,0,0.06,0.06,0.12,0.06,0.12
317,Michael Jacobs\Michael-Jacobs,eng ENG,MF,Wigan Athletic,27,1991,32,19,1679,3,4,0,0,1,0,0.16,0.21,0.38,0.16,0.38
318,Pontus Jansson\Pontus-Jansson,se SWE,DF,Brentford,28,1991,34,34,3031,0,0,0,0,5,0,0,0,0,0,0
319,Sylvester Jasper\Sylvester-Jasper,eng ENG,FW,Fulham,17,2001,2,0,6,0,0,0,0,0,0,0,0,0,0,0
320,Julian Jeanvier\Julian-Jeanvier,gn GUI,DF,Brentford,27,1992,26,25,2209,1,0,0,0,2,1,0.04,0,0.04,0.04,0.04
321,Carl Jenkinson\Carl-Jenkinson,eng ENG,DFMF,Nott'ham Forest,27,1992,8,7,618,0,1,0,0,3,0,0,0.15,0.15,0,0.15
322,Mathias Jensen\Mathias-Jensen,dk DEN,MF,Brentford,23,1996,39,30,2473,1,6,0,0,2,0,0.04,0.22,0.25,0.04,0.25
323,Lucas João\Lucas-Joao,pt POR,FW,Reading,25,1993,19,12,1189,6,3,0,0,1,0,0.45,0.23,0.68,0.45,0.68
324,Lucas João\Lucas-Joao,pt POR,FW,Sheffield Weds,25,1993,1,0,13,1,0,0,0,0,0,6.92,0,6.92,6.92,6.92
325,Stefan Johansen\Stefan-Johansen,no NOR,MF,Fulham,28,1991,33,19,1695,0,4,0,0,3,0,0,0.21,0.21,0,0.21
326,Declan John\Declan-John,wal WAL,DF,Swansea City,24,1995,1,0,19,0,0,0,0,0,0,0,0,0,0,0
327,Bradley Johnson\Bradley-Johnson,eng ENG,MF,Blackburn,32,1987,34,25,2279,3,2,0,0,4,0,0.12,0.08,0.2,0.12,0.2
328,Brennan Johnson\Brennan-Johnson,wal WAL,MF,Nott'ham Forest,18,2001,4,2,110,0,0,0,0,0,0,0,0,0,0,0
329,Daniel Johnson\Daniel-Johnson,jm JAM,MF,Preston,26,1992,33,32,2752,12,7,6,6,3,0,0.39,0.23,0.62,0.2,0.43
330,Marvin Johnson\Marvin-Johnson,eng ENG,MFDF,Middlesbrough,28,1990,38,29,2612,1,3,0,0,4,1,0.03,0.1,0.14,0.03,0.14
331,Sam Johnstone\Sam-Johnstone,eng ENG,GK,West Brom,26,1993,46,46,4140,0,0,0,0,1,0,0,0,0,0,0
332,Jamie Jones\Jamie-Jones,eng ENG,GK,Wigan Athletic,30,1989,7,7,630,0,0,0,0,0,0,0,0,0,0,0
333,Lloyd Jones\Lloyd-Jones,eng ENG,DF,Luton Town,23,1995,4,1,111,0,0,0,0,0,0,0,0,0,0,0
334,Florian Jozefzoon\Florian-Jozefzoon,nl NED,MFFW,Derby County,28,1991,14,6,644,0,1,0,0,2,0,0,0.14,0.14,0,0.14
335,Mads Juel Andersen\Mads-Juel-Andersen,dk DEN,DF,Barnsley,21,1997,38,37,3269,0,1,0,0,9,0,0,0.03,0.03,0,0.03
336,Lukas Jutkiewicz\Lukas-Jutkiewicz,eng ENG,FW,Birmingham City,30,1989,46,42,3846,15,3,0,1,5,0,0.35,0.07,0.42,0.35,0.42
337,Elias Kachunga\Elias-Kachunga,cd COD,MFFW,Huddersfield,27,1992,36,30,2630,3,3,0,0,4,0,0.1,0.1,0.21,0.1,0.21
338,Osman Kakay\Osman-Kakay,sl SLE,DFMF,QPR,21,1997,7,7,620,0,0,0,0,1,0,0,0,0,0,0
339,Tomáš Kalas\Tomas-Kalas,cz CZE,DF,Bristol City,26,1993,23,23,2011,0,0,0,0,2,0,0,0,0,0,0
340,Aldo Kalulu\Aldo-Kalulu,fr FRA,MF,Swansea City,23,1996,11,7,465,0,1,0,0,2,0,0,0.19,0.19,0,0.19
341,Aboubakar Kamara\Aboubakar-Kamara,fr FRA,FWMF,Fulham,24,1995,25,8,919,4,4,0,0,2,0,0.39,0.39,0.78,0.39,0.78
342,Herbie Kane\Herbie-Kane,eng ENG,MF,Hull City,20,1998,7,6,456,2,0,0,0,0,0,0.39,0,0.39,0.39,0.39
343,Todd Kane\Todd-Kane,eng ENG,DF,QPR,25,1993,32,21,2046,1,0,0,0,3,0,0.04,0,0.04,0.04,0.04
344,Nikos Karelis\Nikos-Karelis,gr GRE,FW,Brentford,27,1992,4,1,90,0,0,0,0,0,0,0,0,0,0,0
345,Beram Kayal\Beram-Kayal,il ISR,MF,Charlton Ath,31,1988,6,2,213,0,0,0,0,2,0,0,0,0,0,0
346,Neeskens Kebano\Neeskens-Kebano,cd COD,MFFW,Fulham,27,1992,16,5,588,3,1,0,0,3,1,0.46,0.15,0.61,0.46,0.61
347,Liam Kelly\Liam-Kelly,sco SCO,GK,QPR,23,1996,19,19,1710,0,0,0,0,0,0,0,0,0,0,0
348,Richard Keogh\Richard-Keogh,ie IRL,DF,Derby County,32,1986,8,8,720,0,0,0,0,2,0,0,0,0,0,0
349,Maikel Kieftenbeld\Maikel-Kieftenbeld,nl NED,MF,Birmingham City,29,1990,8,2,233,0,0,0,0,1,0,0,0,0,0,0
350,Andy King\Andy-King,wal WAL,MF,Huddersfield,30,1988,14,6,594,0,0,0,0,0,0,0,0,0,0,0
351,Stephen Kingsley\Stephen-Kingsley,sco SCO,DF,Hull City,25,1994,8,7,628,0,0,0,0,3,0,0,0,0,0,0
352,Peter Kioso\Peter-Kioso,cd COD,DF,Luton Town,,,1,0,1,0,0,0,0,0,0,0,0,0,0,0
353,Cédric Kipré\Cedric-Kipre,ci CIV,DF,Wigan Athletic,22,1996,36,32,2916,2,0,0,0,10,1,0.06,0,0.06,0.06,0.06
354,Mateusz Klich\Mateusz-Klich,pl POL,MF,Leeds United,29,1990,45,45,3798,6,5,2,3,8,0,0.14,0.12,0.26,0.09,0.21
355,Jason Knight\Jason-Knight,ie IRL,MF,Derby County,18,2001,31,20,1806,6,0,0,0,5,0,0.3,0,0.3,0.3,0.3
356,Anthony Knockaert\Anthony-Knockaert,fr FRA,FWMF,Fulham,27,1991,42,32,2836,3,4,0,0,6,0,0.1,0.13,0.22,0.1,0.22
357,Terence Kongolo\Terence-Kongolo,nl NED,DF,Fulham,25,1994,1,0,10,0,0,0,0,0,0,0,0,0,0,0
358,Terence Kongolo\Terence-Kongolo,nl NED,DF,Huddersfield,25,1994,11,10,872,0,1,0,0,0,0,0,0.1,0.1,0,0.1
359,Josh Koroma\Josh-Koroma,eng ENG,MF,Huddersfield,20,1998,7,3,298,0,0,0,0,0,0,0,0,0,0,0
360,Filip Krovinović\Filip-Krovinovic,hr CRO,MF,West Brom,23,1995,40,24,2295,3,2,0,0,3,0,0.12,0.08,0.2,0.12,0.2
361,Rajiv van La Parra\Rajiv-van-La-Parra,nl NED,MF,Huddersfield,28,1991,4,3,220,0,0,0,0,0,0,0,0,0,0,0
362,Luca de la Torre\Luca-de-la-Torre,us USA,MF,Fulham,21,1998,2,0,9,0,0,0,0,0,0,0,0,0,0,0
363,Callum Lang\Callum-Lang,eng ENG,FWMF,Wigan Athletic,20,1998,1,0,32,0,0,0,0,0,0,0,0,0,0,0
364,George Lapslie\George-Lapslie,eng ENG,MF,Charlton Ath,21,1997,10,4,453,1,0,0,0,3,0,0.2,0,0.2,0.2,0.2
365,Tom Lawrence\Tom-Lawrence,wal WAL,MFFW,Derby County,25,1994,37,37,3219,10,3,0,0,12,1,0.28,0.08,0.36,0.28,0.36
366,Maxime Le Marchand\Maxime-Le-Marchand,fr FRA,DF,Fulham,29,1989,12,3,305,0,0,0,0,1,0,0,0,0,0,0
367,Joe Ledley\Joe-Ledley,wal WAL,MF,Charlton Ath,32,1987,1,1,45,0,0,0,0,0,0,0,0,0,0,0
368,Ryan Ledson\Ryan-Ledson,eng ENG,MFDF,Preston,21,1997,13,8,695,0,1,0,0,2,0,0,0.13,0.13,0,0.13
369,Elliot Lee\Elliot-Lee,eng ENG,MFFW,Luton Town,24,1994,11,8,578,1,0,0,0,0,0,0.16,0,0.16,0.16,0.16
370,Kieran Lee\Kieran-Lee,eng ENG,MF,Sheffield Weds,31,1988,28,20,1671,0,3,0,0,6,0,0,0.16,0.16,0,0.16
371,Tom Lees\Tom-Lees,eng ENG,DF,Sheffield Weds,28,1990,27,24,2216,2,1,0,0,1,0,0.08,0.04,0.12,0.08,0.12
372,Toni Leistner\Toni-Leistner,de GER,DF,QPR,28,1990,22,20,1818,0,1,0,0,3,0,0,0.05,0.05,0,0.05
373,Jonathan Leko\Jonathan-Leko,eng ENG,FWMF,Charlton Ath,20,1999,21,19,1511,5,4,0,0,2,0,0.3,0.24,0.54,0.3,0.54
374,Darragh Lenihan\Darragh-Lenihan,ie IRL,DF,Blackburn,25,1994,37,37,3306,3,2,0,0,12,0,0.08,0.05,0.14,0.08,0.14
375,Ryan Leonard\Ryan-Leonard,eng ENG,MF,Millwall,27,1992,17,13,1082,1,0,0,0,1,0,0.08,0,0.08,0.08,0.08
376,Keane Lewis-Potter\Keane-Lewis-Potter,eng ENG,MF,Hull City,18,2001,21,1,507,2,1,0,0,0,0,0.36,0.18,0.53,0.36,0.53
377,Eric Lichaj\Eric-Lichaj,us USA,DF,Hull City,30,1988,29,29,2544,0,2,0,0,3,0,0,0.07,0.07,0,0.07
378,Ben Liddle\Ben-Liddle,eng ENG,MF,Middlesbrough,20,1998,1,0,21,0,0,0,0,0,0,0,0,0,0,0
379,Liam Lindsay\Liam-Lindsay,sco SCO,DF,Stoke City,23,1995,20,17,1550,2,0,0,0,5,0,0.12,0,0.12,0.12,0.12
380,Jake Livermore\Jake-Livermore,eng ENG,MF,West Brom,29,1989,45,43,3741,3,4,0,0,10,0,0.07,0.1,0.17,0.07,0.17
381,Danny Loader\Danny-Loader,eng ENG,MF,Reading,18,2000,7,1,112,0,0,0,0,0,0,0,0,0,0,0
382,Tom Lockyer\Tom-Lockyer,wal WAL,DF,Charlton Ath,24,1994,43,43,3870,0,0,0,0,11,0,0,0,0,0,0
383,Joe Lolley\Joe-Lolley,eng ENG,MF,Nott'ham Forest,26,1992,42,37,3218,9,8,0,0,1,0,0.25,0.22,0.48,0.25,0.48
384,George Long\George-Long,eng ENG,GK,Hull City,25,1993,45,45,4050,0,1,0,0,2,0,0,0.02,0.02,0,0.02
385,Jonas Lössl\Jonas-Lossl,dk DEN,GK,Huddersfield,30,1989,15,15,1350,0,0,0,0,1,0,0,0,0,0,0
386,Jamal Lowe\Jamal-Lowe,eng ENG,MFFW,Wigan Athletic,25,1994,46,40,3453,6,5,0,0,0,0,0.16,0.13,0.29,0.16,0.29
387,Max Lowe\Max-Lowe,eng ENG,DF,Derby County,22,1997,29,24,2284,0,1,0,0,1,1,0,0.04,0.04,0,0.04
388,Kazenga LuaLua\Kazenga-LuaLua,cd COD,FWMF,Luton Town,28,1990,29,15,1450,3,0,0,0,3,0,0.19,0,0.19,0.19,0.19
389,Kilian Ludewig\Kilian-Ludewig,de GER,MFDF,Barnsley,19,2000,18,13,1258,0,1,0,0,0,0,0,0.07,0.07,0,0.07
390,Joe Lumley\Joe-Lumley,eng ENG,GK,QPR,24,1995,27,27,2430,0,1,0,0,0,0,0,0.04,0.04,0,0.04
391,Massimo Luongo\Massimo-Luongo,au AUS,MF,Sheffield Weds,26,1992,27,17,1472,3,0,0,0,4,1,0.18,0,0.18,0.18,0.18
392,Angus MacDonald\Angus-MacDonald,eng ENG,DF,Hull City,26,1992,5,5,439,0,0,0,0,0,0,0,0,0,0,0
393,Lewis Macleod\Lewis-Macleod,sco SCO,MF,Wigan Athletic,25,1994,12,11,894,0,0,0,0,4,0,0,0,0,0,0
394,Marcus Maddison\Marcus-Maddison,eng ENG,MF,Hull City,25,1993,7,4,340,1,0,0,0,0,0,0.26,0,0.26,0.26,0.26
395,Gary Madine\Gary-Madine,eng ENG,FW,Cardiff City,28,1990,8,5,385,0,1,0,0,2,0,0,0.23,0.23,0,0.23
396,Niki Mäenpää\Niki-Maenpaa,fi FIN,GK,Bristol City,34,1985,4,4,297,0,0,0,0,0,0,0,0,0,0,0
397,Josh Magennis\Josh-Magennis,nir NIR,FW,Hull City,28,1990,29,20,1714,4,2,1,1,4,2,0.21,0.11,0.32,0.16,0.26
398,Jacques Maghoma\Jacques-Maghoma,cd COD,MF,Birmingham City,31,1987,18,7,851,1,1,0,0,1,0,0.11,0.11,0.21,0.11,0.21
399,Seán Maguire\Sean-Maguire,ie IRL,MFFW,Preston,25,1994,44,36,3152,5,2,0,0,1,0,0.14,0.06,0.2,0.14,0.2
400,Connor Mahoney\Connor-Mahoney,eng ENG,MFFW,Millwall,22,1997,38,14,1463,3,5,0,0,0,0,0.18,0.31,0.49,0.18,0.49
401,Scott Malone\Scott-Malone,eng ENG,DF,Derby County,28,1991,18,15,1176,1,0,0,0,4,1,0.08,0,0.08,0.08,0.08
402,Ryan Manning\Ryan-Manning,ie IRL,DF,QPR,23,1996,41,41,3689,4,7,0,0,6,0,0.1,0.17,0.27,0.1,0.27
403,Emiliano Marcondes\Emiliano-Marcondes,dk DEN,MFFW,Brentford,24,1995,25,13,1255,2,7,0,0,1,0,0.14,0.5,0.65,0.14,0.65
404,Jack Marriott\Jack-Marriott,eng ENG,FWMF,Derby County,24,1994,32,10,1137,2,2,0,0,0,0,0.16,0.16,0.32,0.16,0.32
405,David Marshall\David-Marshall,sco SCO,GK,Wigan Athletic,34,1985,39,39,3510,0,0,0,0,0,0,0,0,0,0,0
406,Chris Martin\Chris-Martin,sco SCO,FW,Derby County,30,1988,35,25,2088,11,6,2,2,3,0,0.47,0.26,0.73,0.39,0.65
407,Bruno Martins Indi\Bruno-Martins-Indi,nl NED,DF,Stoke City,27,1992,33,31,2793,0,2,0,0,2,0,0,0.06,0.06,0,0.06
408,Ayub Masika\Ayub-Masika,ke KEN,FWMF,Reading,26,1992,5,0,83,0,0,0,0,0,0,0,0,0,0,0
409,Han-Noah Massengo\Han-Noah-Massengo,fr FRA,MF,Bristol City,18,2001,25,23,1909,0,0,0,0,1,0,0,0,0,0,0
410,Gavin Massey\Gavin-Massey,eng ENG,MFFW,Wigan Athletic,26,1992,31,21,1729,0,1,0,0,4,0,0,0.05,0.05,0,0.05
411,Conor Masterson\Conor-Masterson,ie IRL,DF,QPR,20,1998,12,10,967,1,0,0,0,1,0,0.09,0,0.09,0.09,0.09
412,Adam Matthews\Adam-Matthews,wal WAL,DFMF,Charlton Ath,27,1992,29,28,2521,0,1,0,0,4,0,0,0.04,0.04,0,0.04
413,Alfie Mawson\Alfie-Mawson,eng ENG,DF,Fulham,25,1994,27,25,2193,0,0,0,0,3,0,0,0,0,0,0
414,Isaac Mbenza\Isaac-Mbenza,be BEL,MF,Huddersfield,23,1996,5,1,188,0,0,0,0,0,0,0,0,0,0,0
415,Bryan Mbeumo\Bryan-Mbeumo,fr FRA,FW,Brentford,19,1999,42,36,2934,15,7,0,0,3,0,0.46,0.21,0.67,0.46,0.67
416,Jason McCarthy\Jason-McCarthy,eng ENG,DF,Millwall,23,1995,2,1,90,0,0,0,0,0,0,0,0,0,0,0
417,James McClean\James-McClean,ie IRL,MFFW,Stoke City,30,1989,36,33,2985,7,7,0,0,10,0,0.21,0.21,0.42,0.21,0.42
418,Garath McCleary\Garath-McCleary,jm JAM,MF,Reading,32,1987,19,2,478,1,2,0,0,0,0,0.19,0.38,0.56,0.19,0.56
419,Kevin McDonald\Kevin-McDonald,sco SCO,MF,Fulham,30,1988,16,7,623,0,0,0,0,4,0,0,0,0,0,0
420,Josh McEachran\Josh-McEachran,eng ENG,MF,Birmingham City,26,1993,8,5,393,0,0,0,0,2,0,0,0,0,0,0
421,Aiden McGeady\Aiden-McGeady,ie IRL,MFFW,Charlton Ath,33,1986,10,8,589,0,0,0,0,0,0,0,0,0,0,0
422,Cameron McGeehan\Cameron-McGeehan,nir NIR,MF,Barnsley,24,1995,13,10,883,2,0,0,0,4,0,0.2,0,0.2,0.2,0.2
423,Tom McIntyre\Tom-McIntyre,sco SCO,DF,Reading,20,1998,10,9,776,0,0,0,0,1,0,0,0,0,0,0
424,Barrie McKay\Barrie-McKay,sco SCO,FWMF,Swansea City,24,1994,4,0,77,0,2,0,0,0,0,0,2.34,2.34,0,2.34
425,Robbie McKenzie\Robbie-McKenzie,eng ENG,DF,Hull City,20,1998,8,8,674,0,0,0,0,0,0,0,0,0,0,0
426,Sean McLoughlin\Sean-McLoughlin,ie IRL,DF,Hull City,22,1996,7,5,503,0,0,0,0,2,0,0,0,0,0,0
427,Callum McManaman\Callum-McManaman,eng ENG,FWMF,Luton Town,28,1991,23,10,917,4,0,0,0,1,0,0.39,0,0.39,0.39,0.39
428,Paddy McNair\Paddy-McNair,nir NIR,MFDF,Middlesbrough,24,1995,41,36,3279,6,2,2,3,6,1,0.16,0.05,0.22,0.11,0.16
429,Agus Medina\Agus-Medina,es ESP,DF,Birmingham City,24,1994,1,0,2,0,0,0,0,0,0,0,0,0,0,0
430,Yakou Méïte\Yakou-Meite,ci CIV,MFFW,Reading,23,1996,40,32,2877,13,1,1,2,5,1,0.41,0.03,0.44,0.38,0.41
431,Nathaniel Mendez-Laing\Nathaniel-Mendez-Laing,eng ENG,MFFW,Cardiff City,27,1992,27,21,1811,3,4,0,0,0,0,0.15,0.2,0.35,0.15,0.35
432,Illan Meslier\Illan-Meslier,fr FRA,GK,Leeds United,19,2000,10,10,900,0,0,0,0,0,0,0,0,0,0,0
433,Matt Miazga\Matt-Miazga,us USA,DF,Reading,24,1995,20,19,1598,2,0,0,0,2,1,0.11,0,0.11,0.11,0.11
434,Alexander Mighten\Alexander-Mighten,eng ENG,FW,Nott'ham Forest,17,2002,8,0,53,0,0,0,0,0,0,0,0,0,0,0
435,George Miller\George-Miller,eng ENG,DFFW,Barnsley,21,1998,1,0,1,0,0,0,0,0,0,0,0,0,0,0
436,Rafa Mir\Rafa-Mir,es ESP,FW,Nott'ham Forest,22,1997,11,2,217,0,1,0,0,0,0,0,0.41,0.41,0,0.41
437,Billy Mitchell\Billy-Mitchell,eng ENG,MF,Millwall,,,7,1,133,0,0,0,0,1,0,0,0,0,0,0
438,Aleksandar Mitrović\Aleksandar-Mitrovic,rs SRB,FW,Fulham,24,1994,40,40,3589,26,2,4,5,8,0,0.65,0.05,0.7,0.55,0.6
439,Jan Mlakar\Jan-Mlakar,si SVN,FW,Wigan Athletic,20,1998,1,0,18,0,0,0,0,0,0,0,0,0,0,0
440,Jan Mlakar\Jan-Mlakar,si SVN,FW,QPR,20,1998,6,0,106,0,0,0,0,0,0,0,0,0,0,0
441,Kamohelo Mokotjo\Kamohelo-Mokotjo,za RSA,MF,Brentford,28,1991,25,14,1375,1,2,0,0,0,0,0.07,0.13,0.2,0.07,0.2
442,Jayson Molumby\Jayson-Molumby,ie IRL,MF,Millwall,19,1999,36,31,2790,1,1,0,0,9,0,0.03,0.03,0.06,0.03,0.06
443,George Moncur\George-Moncur,eng ENG,FW,Luton Town,25,1993,17,1,444,1,0,0,0,1,0,0.2,0,0.2,0.2,0.2
444,Jefferson Montero\Jefferson-Montero,ec ECU,MF,Birmingham City,29,1989,14,2,322,0,0,0,0,1,0,0,0,0,0,0
445,Kieffer Moore\Kieffer-Moore,wal WAL,FW,Wigan Athletic,26,1992,36,32,2799,10,4,2,2,1,0,0.32,0.13,0.45,0.26,0.39
446,Liam Moore\Liam-Moore,eng ENG,DF,Reading,26,1993,43,40,3640,1,0,0,0,5,0,0.02,0,0.02,0.02,0.02
447,Taylor Moore\Taylor-Moore,eng ENG,DF,Bristol City,22,1997,21,16,1292,1,0,0,0,1,0,0.07,0,0.07,0.07,0.07
448,Aaron Mooy\Aaron-Mooy,au AUS,MF,Huddersfield,28,1990,1,1,90,0,0,0,0,0,0,0,0,0,0,0
449,Albie Morgan\Albie-Morgan,eng ENG,MF,Charlton Ath,,,21,11,1090,0,2,0,0,4,0,0,0.17,0.17,0,0.17
450,Michael Morrison\Michael-Morrison,eng ENG,DF,Reading,31,1988,44,43,3789,2,1,0,0,6,0,0.05,0.02,0.07,0.05,0.07
451,Ravel Morrison\Ravel-Morrison,eng ENG,MF,Middlesbrough,26,1993,3,3,213,0,0,0,0,0,0,0,0,0,0,0
452,Sean Morrison\Sean-Morrison,eng ENG,DF,Cardiff City,28,1991,36,35,3150,4,2,0,0,4,1,0.11,0.06,0.17,0.11,0.17
453,Sam Morsy\Sam-Morsy,eg EGY,MF,Wigan Athletic,27,1991,43,43,3870,3,3,0,0,12,0,0.07,0.07,0.14,0.07,0.14
454,Harold Moukoudi\Harold-Moukoudi,cm CMR,DFMF,Middlesbrough,21,1997,8,8,720,0,1,0,0,2,0,0,0.12,0.12,0,0.12
455,Louis Moult\Louis-Moult,eng ENG,FW,Preston,27,1992,2,2,102,1,0,0,0,0,0,0.88,0,0.88,0.88,0.88
456,Steve Mounié\Steve-Mounie,bj BEN,FW,Huddersfield,24,1994,30,12,1421,8,2,1,1,0,0,0.51,0.13,0.63,0.44,0.57
457,Alex Mowatt\Alex-Mowatt,eng ENG,MF,Barnsley,24,1995,44,44,3914,3,8,0,0,8,0,0.07,0.18,0.25,0.07,0.25
458,Kerim Mrabti\Kerim-Mrabti,se SWE,FWMF,Birmingham City,25,1994,15,12,877,2,1,1,1,3,0,0.21,0.1,0.31,0.1,0.21
459,Erwin Mulder\Erwin-Mulder,nl NED,GK,Swansea City,30,1989,4,3,271,0,0,0,0,0,0,0,0,0,0,0
460,Charlie Mulgrew\Charlie-Mulgrew,sco SCO,DF,Wigan Athletic,33,1986,12,12,1051,0,1,0,0,2,0,0,0.09,0.09,0,0.09
461,Charlie Mulgrew\Charlie-Mulgrew,sco SCO,DF,Blackburn,33,1986,2,2,180,0,0,0,0,0,0,0,0,0,0,0
462,Hayden Muller\Hayden-Muller,eng ENG,DF,Millwall,17,2002,1,0,30,0,0,0,0,0,0,0,0,0,0,0
463,Arijanet Muric\Arijanet-Muric,xk KVX,GK,Nott'ham Forest,20,1998,4,4,360,0,0,0,0,0,0,0,0,0,0,0
464,Jacob Murphy\Jacob-Murphy,eng ENG,MFFW,Sheffield Weds,24,1995,39,24,2298,9,4,0,0,0,0,0.35,0.16,0.51,0.35,0.51
465,Josh Murphy\Josh-Murphy,eng ENG,MF,Cardiff City,24,1995,27,16,1446,5,3,0,0,4,0,0.31,0.19,0.5,0.31,0.5
466,Ádám Nagy\Adam-Nagy,hu HUN,MF,Bristol City,24,1995,23,16,1488,1,1,0,0,1,0,0.06,0.06,0.12,0.06,0.12
467,Kal Naismith\Kal-Naismith,sco SCO,DFMF,Wigan Athletic,27,1992,37,22,2233,3,0,0,0,3,0,0.12,0,0.12,0.12,0.12
468,Kyle Naughton\Kyle-Naughton,eng ENG,DF,Swansea City,30,1988,32,28,2487,3,0,0,0,5,1,0.11,0,0.11,0.11,0.11
469,Badou Ndiaye\Badou-Ndiaye,sn SEN,MF,Stoke City,28,1990,13,10,880,0,0,0,0,3,0,0,0,0,0,0
470,Curtis Nelson\Curtis-Nelson,eng ENG,DF,Cardiff City,26,1993,33,31,2902,1,0,0,0,3,0,0.03,0,0.03,0.03,0.03
471,Julien Ngoy\Julien-Ngoy,be BEL,FW,Stoke City,21,1997,1,0,12,0,0,0,0,0,0,0,0,0,0,0
472,Eddie Nketiah\Eddie-Nketiah,eng ENG,FW,Leeds United,20,1999,17,2,509,3,0,0,0,2,0,0.53,0,0.53,0.53,0.53
473,Lukas Nmecha\Lukas-Nmecha,de GER,FWMF,Middlesbrough,20,1998,11,4,472,0,0,0,0,1,0,0,0,0,0,0
474,Andrija Novakovich\Andrija-Novakovich,us USA,FW,Reading,22,1996,1,0,6,0,0,0,0,0,0,0,0,0,0,0
475,David Nugent\David-Nugent,eng ENG,FW,Preston,34,1985,24,11,1022,1,0,0,0,1,0,0.09,0,0.09,0.09,0.09
476,Atdhe Nuhiu\Atdhe-Nuhiu,xk KVX,FW,Sheffield Weds,30,1989,38,14,1501,6,3,1,1,7,0,0.36,0.18,0.54,0.3,0.48
477,Ryan Nyambe\Ryan-Nyambe,na NAM,DF,Blackburn,21,1997,31,30,2608,0,1,0,0,2,0,0,0.03,0.03,0,0.03
478,Christian Nørgaard\Christian-Norgaard,dk DEN,MF,Brentford,25,1994,42,40,3462,0,3,0,0,9,0,0,0.08,0.08,0,0.08
479,Aiden O'Brien\Aiden-OBrien,ie IRL,MFFW,Millwall,25,1993,18,8,662,3,0,0,0,1,0,0.41,0,0.41,0.41,0.41
480,Lewis O'Brien\Lewis-OBrien,eng ENG,MF,Huddersfield,20,1998,38,36,3207,2,4,0,0,10,0,0.06,0.11,0.17,0.06,0.17
481,Callum O'Dowda\Callum-ODowda,ie IRL,MF,Bristol City,24,1995,32,17,1619,1,1,0,0,2,0,0.06,0.06,0.11,0.06,0.11
482,Tyrone O'Neill\Tyrone-ONeill,eng ENG,FW,Middlesbrough,19,1999,1,0,14,0,0,0,0,0,0,0,0,0,0,0
483,Matt O'Riley\Matt-ORiley,eng ENG,MF,Fulham,18,2000,1,0,64,0,0,0,0,0,0,0,0,0,0,0
484,Dara O'Shea\Dara-OShea,ie IRL,DF,West Brom,20,1999,17,16,1482,3,0,0,0,4,0,0.18,0,0.18,0.18,0.18
485,Tashan Oakley-Boothe\Tashan-Oakley-Boothe,eng ENG,MF,Stoke City,19,2000,2,1,115,0,1,0,0,0,0,0,0.78,0.78,0,0.78
486,Micah Obiero\Micah-Obiero,eng ENG,FW,Huddersfield,18,2001,1,0,45,0,0,0,0,0,0,0,0,0,0,0
487,Jordan Obita\Jordan-Obita,eng ENG,MFDF,Reading,25,1993,21,14,1353,2,3,0,0,3,0,0.13,0.2,0.33,0.13,0.33
488,Denis Odoi\Denis-Odoi,be BEL,DF,Fulham,31,1988,34,30,2599,0,1,0,0,7,1,0,0.03,0.03,0,0.03
489,Clarke Odour\Clarke-Odour,eng ENG,DFMF,Barnsley,20,1999,16,12,944,1,0,0,0,1,0,0.1,0,0.1,0.1,0.1
490,Moses Odubajo\Moses-Odubajo,eng ENG,DFMF,Sheffield Weds,26,1993,22,19,1705,0,0,0,0,7,1,0,0,0,0,0
491,Jaakko Oksanen\Jaakko-Oksanen,fi FIN,MF,Brentford,18,2000,1,0,1,0,0,0,0,0,0,0,0,0,0,0
492,Michael Olise\Michael-Olise,fr FRA,MF,Reading,,,19,13,1132,0,1,0,0,0,0,0,0.08,0.08,0,0.08
493,Josh Onomah\Josh-Onomah,eng ENG,MF,Fulham,22,1997,31,20,1789,3,3,0,0,3,0,0.15,0.15,0.3,0.15,0.3
494,Bright Osayi-Samuel\Bright-Osayi-Samuel,eng ENG,MFFW,QPR,21,1997,37,34,2957,5,9,0,0,9,0,0.15,0.27,0.43,0.15,0.43
495,Deji Oshilaja\Deji-Oshilaja,eng ENG,DFMF,Charlton Ath,26,1993,25,19,1583,0,0,0,0,6,0,0,0,0,0,0
496,Gabriel Osho\Gabriel-Osho,eng ENG,DF,Reading,20,1998,5,4,347,0,0,0,0,1,0,0,0,0,0,0
497,Aramide Oteh\Aramide-Oteh,eng ENG,MF,QPR,20,1998,9,1,188,0,0,0,0,0,0,0,0,0,0,0
498,Erhun Oztumer\Erhun-Oztumer,tr TUR,FWMF,Charlton Ath,28,1991,14,11,793,0,1,0,0,0,0,0,0.11,0.11,0,0.11
499,Marlon Pack\Marlon-Pack,eng ENG,MF,Cardiff City,28,1991,37,32,2843,2,3,0,0,4,0,0.06,0.09,0.16,0.06,0.16
500,Marlon Pack\Marlon-Pack,eng ENG,MF,Bristol City,28,1991,1,1,90,0,0,0,0,1,0,0,0,0,0,0
501,Kasey Palmer\Kasey-Palmer,eng ENG,MF,Bristol City,22,1996,25,11,1063,1,3,0,0,5,0,0.08,0.25,0.34,0.08,0.34
502,Liam Palmer\Liam-Palmer,sco SCO,DF,Sheffield Weds,27,1991,33,33,2873,0,1,0,0,2,1,0,0.03,0.03,0,0.03
503,Romal Palmer\Romal-Palmer,eng ENG,MF,Barnsley,,,3,3,175,0,0,0,0,0,0,0,0,0,0,0
504,Callum Paterson\Callum-Paterson,sco SCO,FWMF,Cardiff City,24,1994,36,18,1793,5,0,0,0,2,0,0.25,0,0.25,0.25,0.25
505,Jamie Paterson\Jamie-Paterson,eng ENG,MF,Derby County,27,1991,10,5,492,1,2,0,0,0,0,0.18,0.37,0.55,0.18,0.55
506,Jamie Paterson\Jamie-Paterson,eng ENG,MF,Bristol City,27,1991,21,15,1363,6,2,0,0,2,0,0.4,0.13,0.53,0.4,0.53
507,Alex Pearce\Alex-Pearce,ie IRL,DF,Millwall,30,1988,29,28,2356,0,0,0,0,0,0,0,0,0,0,0
508,Jason Pearce\Jason-Pearce,eng ENG,DF,Charlton Ath,31,1987,39,35,3125,1,2,0,0,4,0,0.03,0.06,0.09,0.03,0.09
509,Tom Pearce\Tom-Pearce,eng ENG,DF,Wigan Athletic,21,1998,7,4,361,0,1,0,0,0,0,0,0.25,0.25,0,0.25
510,Aynsley Pears\Aynsley-Pears,eng ENG,GK,Middlesbrough,21,1998,24,24,2160,0,0,0,0,0,0,0,0,0,0,0
511,Ben Pearson\Ben-Pearson,eng ENG,MF,Preston,24,1995,38,38,3327,1,0,0,0,9,0,0.03,0,0.03,0.03,0.03
512,Matty Pearson\Matty-Pearson,eng ENG,DF,Luton Town,25,1993,42,41,3665,2,0,0,0,2,0,0.05,0,0.05,0.05,0.05
513,Kristian Pedersen\Kristian-Pedersen,dk DEN,DF,Birmingham City,24,1994,44,44,3960,4,2,0,0,2,0,0.09,0.05,0.14,0.09,0.14
514,Pelé\Pele,gw GNB,MF,Reading,27,1991,31,26,2171,1,1,0,0,6,0,0.04,0.04,0.08,0.04,0.08
515,Lee Peltier\Lee-Peltier,eng ENG,DF,Cardiff City,32,1986,25,24,2158,0,0,0,0,3,0,0,0,0,0,0
516,Joey Pelupessy\Joey-Pelupessy,nl NED,MF,Sheffield Weds,26,1993,17,11,935,0,0,0,0,3,0,0,0,0,0,0
517,Matthew Pennington\Matthew-Pennington,eng ENG,DF,Hull City,24,1994,14,13,1105,0,0,0,0,1,0,0,0,0,0,0
518,Matheus Pereira\Matheus-Pereira,br BRA,MFFW,West Brom,23,1996,42,38,3365,8,17,0,0,5,0,0.21,0.45,0.67,0.21,0.67
519,Pedro Pereira\Pedro-Pereira,pt POR,MFDF,Bristol City,21,1998,21,14,1254,2,1,0,0,3,0,0.14,0.07,0.22,0.14,0.22
520,Kristoffer Peterson\Kristoffer-Peterson,se SWE,MF,Swansea City,24,1994,7,4,355,0,0,0,0,0,0,0,0,0,0,0
521,Dillon Phillips\Dillon-Phillips,eng ENG,GK,Charlton Ath,24,1995,46,46,4140,0,0,0,0,6,0,0,0,0,0,0
522,Kalvin Phillips\Kalvin-Phillips,eng ENG,MF,Leeds United,23,1995,37,37,3250,2,2,0,0,9,1,0.06,0.06,0.11,0.06,0.11
523,Matt Phillips\Matt-Phillips,sco SCO,MF,West Brom,28,1991,39,30,2417,7,6,0,0,5,0,0.26,0.22,0.48,0.26,0.48
524,Anthony Pilkington\Anthony-Pilkington,ie IRL,MF,Wigan Athletic,31,1988,16,9,726,3,0,0,0,2,0,0.37,0,0.37,0.37,0.37
525,Daniel Pinillos\Daniel-Pinillos,es ESP,DF,Barnsley,26,1992,4,2,156,0,0,0,0,0,0,0,0,0,0,0
526,Ethan Pinnock\Ethan-Pinnock,eng ENG,DF,Brentford,26,1993,36,34,3038,2,4,0,0,1,0,0.06,0.12,0.18,0.06,0.18
527,Brad Potts\Brad-Potts,eng ENG,MF,Preston,25,1994,32,14,1359,2,1,0,0,1,0,0.13,0.07,0.2,0.13,0.2
528,Dan Potts\Dan-Potts,eng ENG,DF,Luton Town,25,1994,33,31,2740,1,1,0,0,10,0,0.03,0.03,0.07,0.03,0.07
529,Nick Powell\Nick-Powell,eng ENG,MF,Stoke City,25,1994,29,22,1876,5,5,0,0,4,1,0.24,0.24,0.48,0.24,0.48
530,Darren Pratley\Darren-Pratley,jm JAM,MFDF,Charlton Ath,34,1985,36,30,2811,2,1,0,0,11,0,0.06,0.03,0.1,0.06,0.1
531,Alex Pritchard\Alex-Pritchard,eng ENG,MFFW,Huddersfield,26,1993,18,10,964,0,1,0,0,0,0,0,0.09,0.09,0,0.09
532,Marc Pugh\Marc-Pugh,eng ENG,MF,QPR,32,1987,27,12,1168,2,2,0,0,0,0,0.15,0.15,0.31,0.15,0.31
533,Ben Purrington\Ben-Purrington,eng ENG,DFMF,Charlton Ath,23,1996,31,24,2130,2,0,0,0,4,0,0.08,0,0.08,0.08,0.08
534,George Pușcaș\George-Puscas,ro ROU,FW,Reading,23,1996,38,30,2531,12,3,4,4,5,0,0.43,0.11,0.53,0.28,0.39
535,Rekeil Pyke\Rekeil-Pyke,eng ENG,FW,Huddersfield,21,1997,1,0,2,0,0,0,0,0,0,0,0,0,0,0
536,Collin Quaner\Collin-Quaner,de GER,FW,Huddersfield,28,1991,5,0,71,0,0,0,0,1,0,0,0,0,0,0
537,Luka Racic\Luka-Racic,dk DEN,DF,Brentford,20,1999,4,3,237,1,0,0,0,0,0,0.38,0,0.38,0.38,0.38
538,Joe Rafferty\Joe-Rafferty,ie IRL,DF,Preston,25,1993,29,28,2476,1,1,0,0,2,1,0.04,0.04,0.07,0.04,0.07
539,Joe Ralls\Joe-Ralls,eng ENG,MF,Cardiff City,25,1993,27,25,2214,7,3,2,2,5,0,0.28,0.12,0.41,0.2,0.33
540,Darren Randolph\Darren-Randolph,ie IRL,GK,Middlesbrough,32,1987,14,14,1260,0,0,0,0,1,0,0,0,0,0,0
541,Àngel Rangel\Angel-Rangel,es ESP,DF,QPR,36,1982,21,21,1655,0,0,0,0,6,0,0,0,0,0,0
542,Joe Rankin-Costello\Joe-Rankin-Costello,eng ENG,DFMF,Blackburn,20,1999,11,8,696,0,1,0,0,1,0,0,0.13,0.13,0,0.13
543,David Raya\David-Raya,es ESP,GK,Brentford,23,1995,46,46,4140,0,0,0,0,0,0,0,0,0,0,0
544,Glen Rea\Glen-Rea,ie IRL,MF,Luton Town,24,1994,15,13,1128,0,0,0,0,8,0,0,0,0,0,0
545,Adam Reach\Adam-Reach,eng ENG,MF,Sheffield Weds,26,1993,37,26,2340,1,6,0,0,5,0,0.04,0.23,0.27,0.04,0.27
546,Tim Ream\Tim-Ream,us USA,DF,Fulham,31,1987,44,44,3950,0,0,0,0,0,0,0,0,0,0,0
547,Harrison Reed\Harrison-Reed,eng ENG,MF,Fulham,24,1995,25,21,1821,0,1,0,0,6,1,0,0.05,0.05,0,0.05
548,Bobby Reid\Bobby-Reid,jm JAM,MF,Cardiff City,26,1993,1,1,90,0,1,0,0,1,0,0,1,1,0,1
549,Bobby Reid\Bobby-Reid,jm JAM,MFFW,Fulham,26,1993,41,30,2845,6,2,0,0,4,0,0.19,0.06,0.25,0.19,0.25
550,Jayden Reid\Jayden-Reid,eng ENG,FW,Birmingham City,18,2001,4,0,85,0,0,0,0,0,0,0,0,0,0,0
551,Jordan Rhodes\Jordan-Rhodes,sco SCO,FW,Sheffield Weds,29,1990,16,7,687,3,0,0,0,1,0,0.39,0,0.39,0.39,0.39
552,Yuri Ribeiro\Yuri-Ribeiro,pt POR,DFMF,Nott'ham Forest,22,1997,27,27,2388,0,3,0,0,5,0,0,0.11,0.11,0,0.11
553,Jazz Richards\Jazz-Richards,wal WAL,DF,Cardiff City,28,1991,11,10,946,0,0,0,0,4,0,0,0,0,0,0
554,Omar Richards\Omar-Richards,eng ENG,MFDF,Reading,21,1998,28,23,2091,0,0,0,0,2,0,0,0,0,0,0
555,Andy Rinomhota\Andy-Rinomhota,eng ENG,MF,Reading,22,1997,37,28,2582,1,1,0,0,4,0,0.03,0.03,0.07,0.03,0.07
556,Marcel Ritzmaier\Marcel-Ritzmaier,at AUT,MF,Barnsley,26,1993,15,13,1049,0,0,0,0,0,0,0,0,0,0,0
557,Connor Roberts\Connor-Roberts,wal WAL,DFMF,Swansea City,23,1995,38,32,2932,1,4,0,0,2,0,0.03,0.12,0.15,0.03,0.15
558,Gary Roberts\Gary-Roberts,eng ENG,MF,Wigan Athletic,35,1984,9,3,295,0,0,0,0,0,0,0,0,0,0,0
559,Marc Roberts\Marc-Roberts,eng ENG,DF,Birmingham City,29,1990,34,33,2912,0,2,0,0,6,0,0,0.06,0.06,0,0.06
560,Patrick Roberts\Patrick-Roberts,eng ENG,MFFW,Middlesbrough,22,1997,10,8,608,1,2,0,0,1,0,0.15,0.3,0.44,0.15,0.44
561,Tyler Roberts\Tyler-Roberts,wal WAL,MF,Leeds United,20,1999,23,12,1090,4,1,0,0,1,0,0.33,0.08,0.41,0.33,0.41
562,Antonee Robinson\Antonee-Robinson,us USA,DF,Wigan Athletic,21,1997,38,38,3352,1,1,0,0,8,0,0.03,0.03,0.05,0.03,0.05
563,Callum Robinson\Callum-Robinson,ie IRL,FWMF,West Brom,24,1995,16,10,853,3,2,0,0,1,0,0.32,0.21,0.53,0.32,0.53
564,Jack Robinson\Jack-Robinson,eng ENG,DF,Nott'ham Forest,25,1993,18,16,1471,0,1,0,0,3,0,0,0.06,0.06,0,0.06
565,Hal Robson-Kanu\Hal-Robson-Kanu,wal WAL,FW,West Brom,30,1989,39,24,2317,10,1,1,1,5,0,0.39,0.04,0.43,0.35,0.39
566,Marek Rodák\Marek-Rodak,sk SVK,GK,Fulham,22,1996,33,33,2896,0,0,0,0,3,1,0,0,0,0,0
567,Joe Rodon\Joe-Rodon,wal WAL,DF,Swansea City,21,1997,21,20,1793,0,1,0,0,2,0,0,0.05,0.05,0,0.05
568,Rodri\Rodri,es ESP,FW,Bristol City,29,1990,6,1,155,0,0,0,0,1,0,0,0,0,0,0
569,Mads Roerslev\Mads-Roerslev,dk DEN,DFMF,Brentford,20,1999,11,5,499,0,1,0,0,1,0,0,0.18,0.18,0,0.18
570,Mahlon Romeo\Mahlon-Romeo,ag ATG,DFMF,Millwall,23,1995,43,43,3744,0,1,0,0,5,0,0,0.02,0.02,0,0.02
571,Wayne Rooney\Wayne-Rooney,eng ENG,MF,Derby County,33,1985,20,20,1734,5,3,2,2,1,0,0.26,0.16,0.42,0.16,0.31
572,Kelle Roos\Kelle-Roos,nl NED,GK,Derby County,27,1992,22,22,1905,0,0,0,0,0,0,0,0,0,0,0
573,Joe Rothwell\Joe-Rothwell,eng ENG,MF,Blackburn,24,1995,36,21,1898,2,2,0,0,3,0,0.09,0.09,0.19,0.09,0.19
574,Wayne Routledge\Wayne-Routledge,eng ENG,MFFW,Swansea City,34,1985,21,10,955,4,3,0,0,1,0,0.38,0.28,0.66,0.38,0.66
575,Aaron Rowe\Aaron-Rowe,eng ENG,MF,Huddersfield,18,2000,1,1,45,0,0,0,0,0,0,0,0,0,0,0
576,Tommy Rowe\Tommy-Rowe,eng ENG,MFDF,Bristol City,30,1988,29,24,2160,2,3,0,0,4,0,0.08,0.12,0.21,0.08,0.21
577,Declan Rudd\Declan-Rudd,eng ENG,GK,Preston,28,1991,46,46,4140,0,0,0,0,3,0,0,0,0,0,0
578,Pelly Ruddock Mpanzu\Pelly-Ruddock-Mpanzu,eng ENG,MF,Luton Town,26,1993,44,40,3633,3,0,0,0,6,0,0.07,0,0.07,0.07,0.07
579,Samuel Şahin-Radlinger\Samuel-Sahin-Radlinger,at AUT,GK,Barnsley,26,1992,18,18,1620,0,0,0,0,0,0,0,0,0,0,0
580,Brice Samba\Brice-Samba,fr FRA,GK,Nott'ham Forest,25,1994,40,40,3600,0,0,0,0,7,0,0,0,0,0,0
581,Dominic Samuel\Dominic-Samuel,eng ENG,FWMF,Blackburn,25,1994,15,7,627,2,0,0,0,1,0,0.29,0,0.29,0.29,0.29
582,Martin Samuelsen\Martin-Samuelsen,no NOR,MF,Hull City,22,1997,7,3,288,0,0,0,0,0,0,0,0,0,0,0
583,Dion Sanderson\Dion-Sanderson,eng ENG,DF,Cardiff City,19,1999,10,9,749,0,2,0,0,2,0,0,0.24,0.24,0,0.24
584,Mouhamadou-Naby Sarr\Mouhamadou-Naby-Sarr,fr FRA,DF,Charlton Ath,25,1993,29,26,2227,3,4,0,0,3,0,0.12,0.16,0.28,0.12,0.28
585,George Saville\George-Saville,nir NIR,MF,Middlesbrough,26,1993,37,31,2493,1,2,0,0,9,1,0.04,0.07,0.11,0.04,0.11
586,Romaine Sawyers\Romaine-Sawyers,kn SKN,MF,West Brom,27,1991,42,42,3717,1,1,0,0,10,1,0.02,0.02,0.05,0.02,0.05
587,Christopher Schindler\Christopher-Schindler,de GER,DF,Huddersfield,29,1990,45,45,4050,2,1,0,0,3,0,0.04,0.02,0.07,0.04,0.07
588,Patrick Schmidt\Patrick-Schmidt,at AUT,FW,Barnsley,21,1998,29,2,440,3,2,0,0,0,0,0.61,0.41,1.02,0.61,1.02
589,Ryan Schofield\Ryan-Schofield,eng ENG,GK,Huddersfield,19,1999,1,1,90,0,0,0,0,0,0,0,0,0,0,0
590,James Scott\James-Scott,sco SCO,MFFW,Hull City,18,2000,7,4,278,1,0,0,0,0,0,0.32,0,0.32,0.32,0.32
591,Josh Scowen\Josh-Scowen,eng ENG,MF,QPR,26,1993,18,8,886,0,1,0,0,3,0,0,0.1,0.1,0,0.1
592,Steve Seddon\Steve-Seddon,eng ENG,DF,Birmingham City,21,1997,4,3,223,0,2,0,0,1,0,0,0.81,0.81,0,0.81
593,Alfa Semedo\Alfa-Semedo,pt POR,MF,Nott'ham Forest,21,1997,24,10,1011,2,0,0,0,2,0,0.18,0,0.18,0.18,0.18
594,Antoine Semenyo\Antoine-Semenyo,eng ENG,FW,Bristol City,19,2000,9,3,302,0,0,0,0,0,0,0,0,0,0,0
595,Steven Sessegnon\Steven-Sessegnon,eng ENG,DF,Fulham,19,2000,14,9,714,0,0,0,0,2,0,0,0,0,0,0
596,Jamie Shackleton\Jamie-Shackleton,eng ENG,MF,Leeds United,19,1999,22,5,473,2,0,0,0,0,0,0.38,0,0.38,0.38,0.38
597,Liam Shaw\Liam-Shaw,eng ENG,MF,Sheffield Weds,18,2001,2,1,68,0,0,0,0,0,0,0,0,0,0,0
598,Ryan Shawcross\Ryan-Shawcross,eng ENG,DF,Stoke City,31,1987,5,5,310,0,0,0,0,1,0,0,0,0,0,0
599,James Shea\James-Shea,eng ENG,GK,Luton Town,28,1991,13,13,1170,0,0,0,0,0,0,0,0,0,0,0
600,Alan Sheehan\Alan-Sheehan,ie IRL,MFDF,Luton Town,32,1986,4,2,223,0,1,0,0,0,0,0,0.4,0.4,0,0.4
601,Andrew Shinnie\Andrew-Shinnie,sco SCO,MF,Luton Town,30,1989,21,16,1346,1,2,0,0,4,0,0.07,0.13,0.2,0.07,0.2
602,Graeme Shinnie\Graeme-Shinnie,sco SCO,MF,Derby County,27,1991,23,12,1165,2,1,0,0,8,0,0.15,0.08,0.23,0.15,0.23
603,Olamide Shodipo\Olamide-Shodipo,ie IRL,MFFW,QPR,22,1997,12,2,313,0,0,0,0,0,0,0,0,0,0,0
604,Ryan Shotton\Ryan-Shotton,eng ENG,DF,Middlesbrough,30,1988,21,20,1740,0,0,0,0,3,0,0,0,0,0,0
605,Toby Sibbick\Toby-Sibbick,eng ENG,DFMF,Barnsley,20,1999,18,17,1516,0,0,0,0,3,0,0,0,0,0,0
606,Louie Sibley\Louie-Sibley,eng ENG,MF,Derby County,,,11,9,733,5,2,0,0,5,1,0.61,0.25,0.86,0.61,0.86
607,Leonardo da Silva Lopes\Leonardo-da-Silva-Lopes,eng ENG,MFDF,Hull City,20,1998,40,33,3073,2,3,0,0,5,0,0.06,0.09,0.15,0.06,0.15
608,Tiago Silva\Tiago-Silva,pt POR,MF,Nott'ham Forest,26,1993,44,34,3037,3,4,0,0,7,0,0.09,0.12,0.21,0.09,0.21
609,Elliot Simoes\Elliot-Simoes,pt POR,MFFW,Barnsley,19,1999,17,6,632,2,0,0,0,2,0,0.28,0,0.28,0.28,0.28
610,Danny Simpson\Danny-Simpson,eng ENG,DF,Huddersfield,32,1987,24,23,1989,0,0,0,0,4,0,0,0,0,0,0
611,Scott Sinclair\Scott-Sinclair,eng ENG,MF,Preston,30,1989,18,11,894,3,0,0,0,0,0,0.3,0,0.3,0.3,0.3
612,Jiří Skalák\Jiri-Skalak,cz CZE,MF,Millwall,27,1992,12,4,360,1,0,0,0,1,0,0.25,0,0.25,0.25,0.25
613,Simon Sluga\Simon-Sluga,hr CRO,GK,Luton Town,26,1993,33,33,2970,0,0,0,0,1,0,0,0,0,0,0
614,Brad Smith\Brad-Smith,au AUS,DFMF,Cardiff City,25,1994,3,0,15,0,0,0,0,0,0,0,0,0,0,0
615,Jordan Smith\Jordan-Smith,eng ENG,GK,Nott'ham Forest,24,1994,2,2,180,0,0,0,0,0,0,0,0,0,0,0
616,Korey Smith\Korey-Smith,eng ENG,MF,Bristol City,28,1991,22,19,1686,0,0,0,0,4,0,0,0,0,0,0
617,Matt Smith\Matt-Smith,eng ENG,FW,Millwall,30,1989,41,20,1932,12,4,0,0,3,0,0.56,0.19,0.75,0.56,0.75
618,Matthew Smith\Matthew-Smith,wal WAL,MF,Charlton Ath,19,1999,2,0,63,0,0,0,0,1,0,0,0,0,0,0
619,Matthew Smith\Matthew-Smith,wal WAL,MF,QPR,19,1999,8,2,199,0,0,0,0,0,0,0,0,0,0,0
620,Tommy Smith\Tommy-Smith,eng ENG,DF,Stoke City,27,1992,30,27,2513,0,4,0,0,5,0,0,0.14,0.14,0,0.14
621,Emile Smith-Rowe\Emile-Smith-Rowe,eng ENG,MF,Huddersfield,19,2000,19,13,1176,2,2,0,0,1,0,0.15,0.15,0.31,0.15,0.31
622,Alex Smithies\Alex-Smithies,eng ENG,GK,Cardiff City,29,1990,30,30,2700,0,0,0,0,1,0,0,0,0,0,0
623,Michael Sollbauer\Michael-Sollbauer,at AUT,DF,Barnsley,29,1990,17,17,1530,0,0,0,0,5,0,0,0,0,0,0
624,Chris Solly\Chris-Solly,eng ENG,DFMF,Charlton Ath,28,1991,14,12,1069,0,1,0,0,2,0,0,0.08,0.08,0,0.08
625,Samba Sow\Samba-Sow,ml MLI,MF,Nott'ham Forest,30,1989,25,22,1675,0,1,0,0,9,0,0,0.05,0.05,0,0.05
626,Djed Spence\Djed-Spence,eng ENG,MFDF,Middlesbrough,18,2000,22,18,1535,1,0,0,0,2,0,0.06,0,0.06,0.06,0.06
627,Jay Stansfield\Jay-Stansfield,eng ENG,FW,Fulham,,,1,0,3,0,0,0,0,0,0,0,0,0,0,0
628,Richard Stearman\Richard-Stearman,eng ENG,DF,Huddersfield,31,1987,17,17,1478,0,0,0,0,2,0,0,0,0,0,0
629,Dujon Sterling\Dujon-Sterling,eng ENG,DF,Wigan Athletic,19,1999,8,7,614,0,1,0,0,1,0,0,0.15,0.15,0,0.15
630,Jordan Stevens\Jordan-Stevens,eng ENG,MF,Leeds United,19,2000,4,0,57,0,0,0,0,0,0,0,0,0,0,0
631,Kevin Stewart\Kevin-Stewart,eng ENG,MF,Hull City,25,1993,27,21,1968,2,1,0,0,4,0,0.09,0.05,0.14,0.09,0.14
632,Jayden Stockley\Jayden-Stockley,eng ENG,FW,Preston,25,1993,32,9,1156,4,3,0,0,5,0,0.31,0.23,0.54,0.31,0.54
633,Dejan Stojanović\Dejan-Stojanovic,at AUT,GK,Middlesbrough,26,1993,8,8,720,0,0,0,0,0,0,0,0,0,0,0
634,Jordan Storey\Jordan-Storey,eng ENG,DF,Preston,21,1997,10,7,725,0,0,0,0,0,0,0,0,0,0,0
635,Pascal Struijk\Pascal-Struijk,nl NED,MF,Leeds United,19,1999,5,2,218,0,0,0,0,1,0,0,0,0,0,0
636,Callum Styles\Callum-Styles,eng ENG,MF,Barnsley,19,2000,17,5,678,1,0,0,0,1,0,0.13,0,0.13,0.13,0.13
637,Ivan Šunjić\Ivan-Sunjic,hr CRO,MF,Birmingham City,22,1996,40,37,3267,3,0,0,0,9,0,0.08,0,0.08,0.08,0.08
638,Sam Surridge\Sam-Surridge,eng ENG,FW,Swansea City,21,1998,20,7,783,4,0,0,0,0,0,0.46,0,0.46,0.46,0.46
639,John Swift\John-Swift,eng ENG,MF,Reading,24,1995,41,40,3378,6,10,0,0,6,1,0.16,0.27,0.43,0.16,0.43
640,Sammie Szmodics\Sammie-Szmodics,eng ENG,FW,Bristol City,23,1995,3,1,109,0,0,0,0,0,0,0,0,0,0,0
641,Lasse Sørensen\Lasse-Sorensen,dk DEN,MF,Stoke City,19,1999,6,2,183,0,0,0,0,0,0,0,0,0,0,0
642,Ryan Tafazolli\Ryan-Tafazolli,eng ENG,DF,Hull City,27,1991,15,7,820,0,0,0,0,0,0,0,0,0,0,0
643,Marcus Tavernier\Marcus-Tavernier,eng ENG,MFFW,Middlesbrough,20,1999,37,27,2536,3,5,0,0,4,0,0.11,0.18,0.28,0.11,0.28
644,Lyle Taylor\Lyle-Taylor,ms MSR,FW,Charlton Ath,29,1990,22,17,1605,11,1,4,4,4,0,0.62,0.06,0.67,0.39,0.45
645,Matty Taylor\Matty-Taylor,eng ENG,FW,Bristol City,29,1990,1,0,11,0,0,0,0,1,0,0,0,0,0,0
646,Mamadou Thiam\Mamadou-Thiam,sn SEN,MFFW,Barnsley,24,1995,8,3,336,0,0,0,0,0,0,0,0,0,0,0
647,Luke Thomas\Luke-Thomas,eng ENG,MF,Barnsley,20,1999,39,24,2315,1,4,0,0,5,0,0.04,0.16,0.19,0.04,0.19
648,Ben Thompson\Ben-Thompson,eng ENG,MF,Millwall,23,1995,28,20,1839,1,0,0,0,5,0,0.05,0,0.05,0.05,0.05
649,Dominic Thompson\Dominic-Thompson,eng ENG,DF,Brentford,19,2000,2,0,7,0,0,0,0,0,0,0,0,0,0,0
650,Jordan Thompson\Jordan-Thompson,nir NIR,MF,Stoke City,22,1997,15,8,620,0,1,0,0,2,0,0,0.15,0.15,0,0.15
651,Harry Toffolo\Harry-Toffolo,eng ENG,DF,Huddersfield,23,1995,19,19,1710,1,2,0,0,2,0,0.05,0.11,0.16,0.05,0.16
652,Lee Tomlin\Lee-Tomlin,eng ENG,MF,Cardiff City,30,1989,33,24,2164,8,10,0,0,8,0,0.33,0.42,0.75,0.33,0.75
653,Jon Toral\Jon-Toral,es ESP,MF,Hull City,24,1995,14,8,610,0,3,0,0,2,0,0,0.44,0.44,0,0.44
654,Conor Townsend\Conor-Townsend,eng ENG,DF,West Brom,26,1993,27,19,1902,0,1,0,0,4,0,0,0.05,0.05,0,0.05
655,Lewis Travis\Lewis-Travis,eng ENG,MF,Blackburn,21,1997,43,41,3458,2,2,0,0,13,0,0.05,0.05,0.1,0.05,0.1
656,Connal Trueman\Connal-Trueman,eng ENG,GK,Birmingham City,23,1996,10,10,900,0,0,0,0,0,0,0,0,0,0,0
657,Ryan Tunnicliffe\Ryan-Tunnicliffe,eng ENG,MF,Luton Town,26,1992,40,37,3243,1,1,0,0,3,0,0.03,0.03,0.06,0.03,0.06
658,Josh Tymon\Josh-Tymon,eng ENG,DF,Stoke City,20,1999,2,1,85,0,0,0,0,1,0,0,0,0,0,0
659,Osaze Urhoghide\Osaze-Urhoghide,eng ENG,DF,Sheffield Weds,,,3,3,177,0,0,0,0,2,1,0,0,0,0,0
660,Jack Vale\Jack-Vale,wal WAL,FW,Blackburn,18,2001,1,0,13,0,0,0,0,0,0,0,0,0,0,0
661,Joel Valencia\Joel-Valencia,ec ECU,FW,Brentford,24,1994,19,1,334,1,0,0,0,0,0,0.27,0,0.27,0.27,0.27
662,Isaac Vassell\Isaac-Vassell,eng ENG,FWMF,Cardiff City,25,1993,2,0,46,1,0,0,0,0,0,1.96,0,1.96,1.96,1.96
663,Will Vaulks\Will-Vaulks,wal WAL,MF,Cardiff City,25,1993,27,18,1683,4,0,0,0,3,0,0.21,0,0.21,0.21,0.21
664,James Vennings\James-Vennings,eng ENG,MF,Charlton Ath,18,2000,3,0,68,0,0,0,0,0,0,0,0,0,0,0
665,Thibaud Verlinden\Thibaud-Verlinden,be BEL,MF,Stoke City,20,1999,5,0,58,0,0,0,0,0,0,0,0,0,0,0
666,Fran Villalba\Fran-Villalba,es ESP,MF,Birmingham City,21,1998,17,15,1213,1,0,0,0,0,0,0.07,0,0.07,0.07,0.07
667,João Virgínia\Joao-Virginia,pt POR,GK,Reading,19,1999,2,2,180,0,0,0,0,0,0,0,0,0,0,0
668,Sam Vokes\Sam-Vokes,wal WAL,FW,Stoke City,29,1989,36,18,1706,5,2,0,0,0,0,0.26,0.11,0.37,0.26,0.37
669,Zak Vyner\Zak-Vyner,eng ENG,DF,Bristol City,22,1997,8,4,496,0,0,0,0,1,0,0,0,0,0,0
670,Martyn Waghorn\Martyn-Waghorn,eng ENG,MFFW,Derby County,29,1990,43,36,3179,12,3,2,4,6,1,0.34,0.08,0.42,0.28,0.37
671,Stephen Walker\Stephen-Walker,eng ENG,FW,Middlesbrough,18,2000,7,1,139,0,0,0,0,0,0,0,0,0,0,0
672,Tyler Walker\Tyler-Walker,eng ENG,FW,Nott'ham Forest,22,1996,7,1,138,1,0,0,0,0,0,0.65,0,0.65,0.65,0.65
673,Jed Wallace\Jed-Wallace,eng ENG,MFFW,Millwall,25,1994,43,43,3786,10,13,5,6,7,1,0.24,0.31,0.55,0.12,0.43
674,Lee Wallace\Lee-Wallace,sco SCO,DF,QPR,31,1987,11,10,854,0,0,0,0,2,1,0,0,0,0,0
675,Murray Wallace\Murray-Wallace,sco SCO,DFMF,Millwall,26,1993,43,38,3417,0,2,0,0,7,0,0,0.05,0.05,0,0.05
676,Christian Walton\Christian-Walton,eng ENG,GK,Blackburn,23,1995,46,46,4140,0,1,0,0,1,0,0,0.02,0.02,0,0.02
677,Jack Walton\Jack-Walton,eng ENG,GK,Barnsley,21,1998,9,9,810,0,0,0,0,0,0,0,0,0,0,0
678,Danny Ward\Danny-Ward,eng ENG,FWMF,Cardiff City,27,1991,28,7,942,7,0,0,0,0,1,0.67,0,0.67,0.67,0.67
679,Stephen Ward\Stephen-Ward,ie IRL,DF,Stoke City,33,1985,15,15,1219,0,0,0,0,3,0,0,0,0,0,0
680,Marley Watkins\Marley-Watkins,wal WAL,MFFW,Bristol City,28,1990,9,5,378,1,0,0,0,0,0,0.24,0,0.24,0.24,0.24
681,Ollie Watkins\Ollie-Watkins,eng ENG,FW,Brentford,23,1995,46,46,4128,25,2,0,1,4,0,0.55,0.04,0.59,0.55,0.59
682,Ben Watson\Ben-Watson,eng ENG,MF,Nott'ham Forest,34,1985,45,45,3996,3,4,0,0,8,0,0.07,0.09,0.16,0.07,0.16
683,Andreas Weimann\Andreas-Weimann,at AUT,FWMF,Bristol City,27,1991,45,42,3600,9,7,0,0,8,0,0.23,0.17,0.4,0.23,0.4
684,Nahki Wells\Nahki-Wells,bm BER,FW,Bristol City,29,1990,17,13,1187,5,0,0,0,0,0,0.38,0,0.38,0.38,0.38
685,Nahki Wells\Nahki-Wells,bm BER,FW,QPR,29,1990,26,20,1607,13,3,0,0,4,0,0.73,0.17,0.9,0.73,0.9
686,Keiren Westwood\Keiren-Westwood,ie IRL,GK,Sheffield Weds,34,1984,14,14,1249,0,0,0,0,0,1,0,0,0,0,0
687,Ben White\Ben-White,eng ENG,DF,Leeds United,21,1997,46,46,4140,1,2,0,0,6,0,0.02,0.04,0.07,0.02,0.07
688,Morgan Whittaker\Morgan-Whittaker,eng ENG,MF,Derby County,18,2001,16,1,283,1,1,0,0,1,0,0.32,0.32,0.64,0.32,0.64
689,Gavin Whyte\Gavin-Whyte,nir NIR,MF,Cardiff City,23,1996,24,15,1263,0,1,0,0,1,0,0,0.07,0.07,0,0.07
690,Connor Wickham\Connor-Wickham,eng ENG,FW,Sheffield Weds,26,1993,13,8,894,2,0,0,0,1,0,0.2,0,0.2,0.2,0.2
691,Jordy de Wijs\Jordy-de-Wijs,nl NED,DF,Hull City,24,1995,35,35,3036,2,1,0,0,9,0,0.06,0.03,0.09,0.06,0.09
692,Joe Wildsmith\Joe-Wildsmith,eng ENG,GK,Sheffield Weds,23,1995,9,9,810,0,0,0,0,0,0,0,0,0,0,0
693,Mallik Wilks\Mallik-Wilks,eng ENG,MFFW,Barnsley,20,1998,15,8,822,1,0,0,0,5,0,0.11,0,0.11,0.11,0.11
694,Mallik Wilks\Mallik-Wilks,eng ENG,MF,Hull City,20,1998,18,16,1269,5,0,0,0,2,0,0.35,0,0.35,0.35,0.35
695,Ashley Williams\Ashley-Williams,wal WAL,DF,Bristol City,34,1984,32,32,2766,2,1,0,0,3,2,0.07,0.03,0.1,0.07,0.1
696,Ben Williams\Ben-Williams,wal WAL,DF,Barnsley,20,1999,20,16,1415,0,1,0,0,4,1,0,0.06,0.06,0,0.06
697,Derrick Williams\Derrick-Williams,ie IRL,DF,Blackburn,26,1993,17,17,1530,3,0,0,0,4,0,0.18,0,0.18,0.18,0.18
698,Joe Williams\Joe-Williams,eng ENG,MF,Wigan Athletic,22,1996,38,34,3008,1,3,0,0,14,1,0.03,0.09,0.12,0.03,0.12
699,Jonny Williams\Jonny-Williams,wal WAL,FWMF,Charlton Ath,25,1993,26,15,1368,0,5,0,0,1,0,0,0.33,0.33,0,0.33
700,Jordan Williams\Jordan-Williams,eng ENG,DF,Barnsley,19,1999,30,29,2503,0,0,0,0,5,0,0,0,0,0,0
701,Shaun Williams\Shaun-Williams,ie IRL,MF,Millwall,32,1986,32,28,2479,2,2,0,0,3,1,0.07,0.07,0.15,0.07,0.15
702,Chris Willock\Chris-Willock,eng ENG,MF,Huddersfield,21,1998,14,8,684,2,0,0,0,2,0,0.26,0,0.26,0.26,0.26
703,Ben Wilmot\Ben-Wilmot,eng ENG,DF,Swansea City,19,1999,21,16,1491,2,0,0,0,3,0,0.12,0,0.12,0.12,0.12
704,Josh Windass\Josh-Windass,eng ENG,MFFW,Sheffield Weds,25,1994,9,6,468,3,0,0,0,0,0,0.58,0,0.58,0.58,0.58
705,Josh Windass\Josh-Windass,eng ENG,MFFW,Wigan Athletic,25,1994,15,12,1077,3,0,0,2,1,0,0.25,0,0.25,0.25,0.25
706,Lewis Wing\Lewis-Wing,eng ENG,MF,Middlesbrough,24,1995,40,28,2749,7,2,0,0,6,0,0.23,0.07,0.29,0.23,0.29
707,Sam Winnall\Sam-Winnall,eng ENG,FW,Sheffield Weds,28,1991,13,6,504,1,0,0,0,0,0,0.18,0,0.18,0.18,0.18
708,Andre Wisdom\Andre-Wisdom,eng ENG,DF,Derby County,26,1993,18,16,1443,0,1,0,0,3,0,0,0.06,0.06,0,0.06
709,Matthew Wolfe\Matthew-Wolfe,eng ENG,MF,Barnsley,19,2000,1,0,24,0,0,0,0,0,0,0,0,0,0,0
710,Nathan Wood-Gordon\Nathan-Wood-Gordon,eng ENG,DF,Middlesbrough,17,2002,1,0,54,0,0,0,0,0,0,0,0,0,0,0
711,Freddie Woodman\Freddie-Woodman,eng ENG,GK,Swansea City,22,1997,43,43,3869,0,0,0,0,1,0,0,0,0,0,0
712,Cauley Woodrow\Cauley-Woodrow,eng ENG,FWMF,Barnsley,24,1994,40,37,3281,14,2,2,2,4,0,0.38,0.05,0.44,0.33,0.38
713,Ryan Woods\Ryan-Woods,eng ENG,MF,Millwall,25,1993,18,17,1529,0,0,0,0,3,0,0,0,0,0,0
714,Ryan Woods\Ryan-Woods,eng ENG,MF,Stoke City,25,1993,8,8,593,0,1,0,0,2,0,0,0.15,0.15,0,0.15
715,Joe Worrall\Joe-Worrall,eng ENG,DF,Nott'ham Forest,22,1997,46,46,4140,1,4,0,0,5,0,0.02,0.09,0.11,0.02,0.11
716,Bailey Wright\Bailey-Wright,au AUS,DF,Bristol City,27,1992,3,3,180,0,0,0,0,0,0,0,0,0,0,0
717,Ryan Yates\Ryan-Yates,eng ENG,MF,Nott'ham Forest,21,1997,27,16,1503,3,0,0,0,0,1,0.18,0,0.18,0.18,0.18
718,Dru Yearwood\Dru-Yearwood,eng ENG,MF,Brentford,19,2000,2,0,65,0,0,0,0,1,0,0,0,0,0,0
719,Andy Yiadom\Andy-Yiadom,gh GHA,MFDF,Reading,27,1991,24,24,2134,1,4,0,0,8,0,0.04,0.17,0.21,0.04,0.21
720,Jan Žambůrek\Jan-Zamburek,cz CZE,FW,Brentford,18,2001,16,1,230,0,1,0,0,0,0,0,0.39,0.39,0,0.39
721,Kenneth Zohore\Kenneth-Zohore,dk DEN,FW,West Brom,25,1994,17,5,659,3,0,2,2,0,0,0.41,0,0.41,0.14,0.14
